SalePrice,MSSubClass,MSZoning,LotFrontage,LotArea,Street,LotShape,OverallQual,OverallCond,YearBuilt,YearRemodAdd,TotalBsmtSF,GrLivArea,FullBath,HalfBath,Bedroom,Kitchen,TotRmsAbvGrd,Fireplaces,GarageCars,GarageArea,MoSold,YrSold
171958,30,RL,42,14413,Pave,IR1,2,2,1991,2015,658,1420,1,0,4,2,4,1,1,865,8,2016
196867,20,RM,107,2276,Pave,IR1,3,5,1977,1968,1545,2572,0,1,2,2,5,2,0,882,8,2010
181932,30,RL,63,19611,Pave,IR1,8,8,1973,1973,698,2393,1,0,1,2,11,2,0,39,7,2017
415838,20,RL,96,8337,Pave,IR2,6,7,1957,1960,1804,2961,0,1,3,2,3,0,2,234,3,2016
309178,70,RM,41,13944,Pave,IR2,7,7,2002,2008,960,1061,1,1,4,1,10,1,3,831,1,2010
169879,70,RM,62,17906,Grvl,IR3,6,6,2021,1964,1924,2207,1,0,2,1,10,1,1,88,5,2017
160268,120,RH,56,19079,Grvl,Reg,6,3,1953,1959,696,2275,2,1,4,1,9,2,1,99,1,2011
257892,30,RL,80,14306,Grvl,IR2,3,5,1954,1990,761,2674,0,0,2,2,7,0,1,143,6,2017
104886,120,FV,116,12503,Pave,IR1,8,1,1998,1976,988,870,1,1,1,1,6,2,1,81,11,2012
187337,30,RM,75,6208,Pave,IR2,7,7,1979,2009,1886,984,0,0,4,1,8,0,0,588,7,2019
480410,120,RH,22,13590,Grvl,Reg,7,9,2021,2022,1861,659,2,1,2,1,3,0,0,570,12,2016
137498,60,FV,82,12886,Pave,IR2,6,1,2012,2001,526,1730,0,1,5,2,7,0,2,228,5,2022
424871,60,RL,38,14866,Grvl,IR1,5,2,1996,1977,596,819,2,0,5,2,6,2,1,602,4,2015
438468,60,RH,42,3088,Pave,IR3,8,3,1975,2014,620,2064,0,0,2,1,6,0,1,865,2,2014
225203,60,RM,48,5363,Pave,IR1,5,3,2006,1966,1394,2506,0,0,4,1,9,2,0,394,5,2020
241335,20,FV,49,2024,Grvl,Reg,9,8,1986,1993,490,2195,2,0,4,2,11,2,2,512,9,2019
328167,60,RM,58,11764,Grvl,IR3,9,7,1956,1959,810,695,1,1,1,2,10,1,0,780,4,2020
91090,70,RL,44,11959,Grvl,IR2,1,6,1989,2012,407,1588,1,1,1,2,10,2,1,797,2,2011
379365,70,FV,27,14935,Grvl,IR2,6,4,1988,1996,943,1712,1,1,3,2,7,2,1,196,6,2011
114820,20,RL,77,10068,Grvl,IR2,7,9,2011,1987,867,2545,0,1,1,1,8,1,3,273,8,2022
312913,60,RL,35,9295,Pave,IR3,3,1,2002,2019,719,2878,0,1,4,2,4,1,3,589,2,2021
371879,60,RH,91,10392,Pave,IR1,7,2,1953,2002,1817,1567,1,1,3,1,5,1,3,652,9,2010
244027,60,RM,20,13390,Pave,IR3,7,4,1974,1993,668,2922,0,0,1,2,7,0,2,799,7,2018
377069,120,FV,24,10448,Grvl,IR3,2,3,1956,2003,1614,845,0,1,2,1,4,0,0,582,2,2020
302709,30,RL,22,12433,Grvl,Reg,7,1,1977,1969,460,2758,1,1,5,1,5,1,1,967,11,2017
249041,120,RL,84,17038,Grvl,IR3,1,5,2018,1980,1861,833,2,0,1,2,6,0,1,561,5,2017
317455,30,FV,23,13528,Grvl,IR2,5,7,2016,1956,1687,1751,0,1,1,1,8,1,2,966,5,2010
153355,60,RL,118,17743,Grvl,IR1,9,2,1969,2007,1196,1860,0,1,2,1,7,0,1,371,7,2014
285796,60,RH,115,10605,Grvl,IR1,7,5,1960,1959,1518,1402,0,1,4,1,6,2,1,880,5,2021
264176,120,RH,83,4014,Pave,IR1,7,6,2016,1959,952,2017,0,0,2,2,4,0,0,79,11,2015
234779,120,RH,117,3381,Pave,IR2,2,7,1956,1988,1325,1254,2,0,1,2,7,0,3,234,6,2011
397449,30,RH,108,3098,Pave,IR2,8,1,1972,1977,1893,710,1,1,4,2,7,2,3,286,9,2019
471909,70,RL,29,11101,Pave,IR2,3,7,2010,1979,1060,689,0,0,3,1,9,1,2,818,3,2014
308795,30,FV,40,2187,Pave,IR2,8,4,2020,1986,1115,1362,1,1,1,1,3,0,3,666,3,2015
442752,120,FV,65,13948,Grvl,IR2,3,8,1983,2016,1178,1903,0,1,2,1,6,0,3,571,8,2018
206730,120,FV,110,12207,Grvl,IR3,7,4,1968,1992,1937,1956,2,1,3,1,7,2,2,544,10,2019
396622,20,FV,46,4092,Grvl,IR2,2,6,2007,2001,593,2779,1,0,5,2,10,2,2,436,12,2010
434681,120,RM,85,7242,Grvl,IR2,4,9,1958,2005,881,1636,2,1,3,1,10,2,3,126,6,2022
199503,20,FV,60,10549,Grvl,IR2,6,5,1997,2017,1759,2064,0,1,2,1,3,2,0,732,12,2019
180523,70,RM,32,7185,Grvl,IR2,9,4,1990,1958,1858,697,2,1,3,1,7,1,2,711,10,2012
52747,30,RM,28,17271,Pave,IR1,5,8,1997,1972,1619,1743,2,1,2,2,3,0,1,416,3,2021
173855,30,RH,55,7776,Grvl,IR2,9,9,1994,2012,1254,892,0,1,1,1,3,0,2,637,2,2018
115725,20,RM,105,14449,Grvl,IR3,5,4,1974,2010,1672,2439,0,0,4,2,4,0,1,40,2,2010
179981,30,RL,109,9823,Grvl,IR3,8,3,1974,1989,897,2334,1,1,5,2,4,0,2,786,2,2010
134654,120,RM,77,17717,Grvl,IR3,1,8,1968,1993,611,1624,0,0,4,1,11,1,2,468,5,2010
478989,60,RH,73,9355,Pave,Reg,7,5,1988,1973,1064,2897,1,1,4,1,6,0,3,296,12,2016
431490,20,RM,31,8465,Pave,IR1,4,2,1976,2000,1069,1251,2,0,4,1,5,1,3,596,5,2022
117435,30,RL,100,14737,Grvl,IR2,5,9,2012,2007,1889,2796,2,1,2,1,3,1,3,600,1,2014
369030,20,RL,97,19881,Pave,Reg,6,3,2017,1982,620,2691,1,1,2,2,4,2,0,41,2,2015
378947,20,RL,33,15324,Pave,IR2,5,2,1968,1965,672,2506,0,0,5,2,8,2,3,631,2,2022
81551,60,RH,53,12350,Grvl,Reg,1,1,1977,1971,1577,2321,0,0,2,2,11,0,3,278,4,2017
428360,120,RH,72,4555,Grvl,Reg,9,8,1982,2006,1672,1667,2,1,2,2,7,1,2,458,7,2022
323538,20,FV,39,4951,Grvl,IR3,2,3,1959,2011,678,2809,1,0,2,2,6,2,2,32,3,2011
381236,30,RH,94,19622,Grvl,IR3,9,7,1979,2020,1863,2416,2,0,2,2,7,1,0,275,5,2022
53890,70,RL,35,6727,Grvl,Reg,2,1,1971,2021,1215,852,2,1,1,2,11,2,1,664,11,2011
91606,20,RL,114,7686,Pave,IR3,9,1,1952,2019,675,731,0,1,5,2,9,1,2,89,9,2012
306840,20,RH,89,5701,Grvl,Reg,6,9,1997,1979,1404,2507,1,1,2,2,10,0,2,615,5,2022
399457,60,RM,75,4780,Grvl,IR1,9,8,1951,1972,913,2510,2,1,5,2,6,0,1,947,9,2012
191699,120,RH,102,19972,Grvl,IR3,6,3,2003,1981,1511,2279,0,1,3,1,10,1,0,523,1,2022
320936,70,RH,77,4368,Pave,IR3,6,6,1955,2006,1322,1732,2,0,1,1,8,2,2,159,9,2012
289931,30,RL,23,17592,Grvl,IR3,2,3,1989,1958,1041,1658,2,1,2,1,7,2,3,928,5,2013
289629,70,FV,23,2436,Grvl,IR1,8,4,1951,1980,904,2525,0,0,1,2,9,0,0,457,8,2012
255041,30,RL,39,4828,Grvl,Reg,3,1,2022,2020,989,2922,0,1,1,1,8,0,1,707,5,2011
224073,120,FV,29,3556,Pave,IR2,7,5,1951,1958,1171,786,1,1,3,2,5,0,1,398,12,2018
257624,30,RL,43,15364,Grvl,IR3,5,1,2004,1962,1664,1548,2,0,5,2,7,2,3,818,6,2015
467113,60,RH,118,17061,Grvl,Reg,3,1,2021,2007,1139,2890,1,1,1,1,11,2,3,773,8,2012
118148,60,RL,45,12576,Grvl,IR1,1,7,2009,1952,1074,863,0,0,4,2,9,0,3,90,2,2018
302801,60,RL,56,18566,Pave,IR2,8,6,1955,1984,1659,2597,0,0,3,1,6,1,0,708,3,2013
174243,60,RL,104,9190,Grvl,IR3,3,2,1968,1970,1413,1121,2,0,4,2,9,2,1,580,11,2013
301995,70,RH,73,7565,Grvl,IR1,2,2,1976,2013,527,2164,1,1,3,2,7,0,3,465,9,2017
432318,120,RH,40,17369,Grvl,IR1,1,7,1950,2001,902,1382,1,1,4,1,4,1,3,219,5,2016
204555,30,RH,93,3589,Pave,IR2,4,1,1982,1983,1623,1134,2,1,4,1,8,2,1,418,5,2016
436502,30,RH,57,2159,Grvl,Reg,8,2,1989,1984,1301,809,2,1,1,1,9,1,2,378,9,2019
98555,60,FV,65,14145,Grvl,IR3,3,8,1981,1964,942,2693,1,1,1,1,10,1,0,725,10,2016
306508,60,FV,23,17373,Grvl,IR3,1,6,2018,1955,1925,2163,0,1,3,1,8,2,2,929,3,2019
329303,20,RM,79,8555,Pave,Reg,4,2,1966,1981,891,625,0,0,5,1,10,0,3,446,4,2020
422654,120,RH,76,18237,Pave,Reg,9,7,1957,2001,1444,774,2,1,1,2,9,1,0,963,7,2014
156530,70,FV,64,11203,Grvl,Reg,1,4,2006,1977,1657,2139,1,1,1,2,4,0,2,145,2,2016
130077,30,RL,39,10244,Pave,IR2,2,2,1991,2013,1113,1934,1,1,2,2,8,2,1,232,8,2013
348064,20,RH,36,16743,Pave,IR2,9,6,1958,1968,1190,921,1,1,1,2,11,1,3,370,5,2017
250551,20,RM,90,15333,Pave,IR3,2,9,1984,1964,815,2202,0,0,5,1,8,1,0,921,1,2018
331601,30,RM,23,15341,Grvl,IR2,3,9,2020,1955,547,1758,0,0,2,2,6,1,0,233,3,2022
258261,70,RM,112,3228,Grvl,IR1,7,8,2002,2022,1369,654,1,0,4,2,9,1,0,725,9,2021
290181,20,RL,33,7590,Pave,IR3,3,3,2003,1987,428,2166,1,0,4,1,5,1,0,366,5,2012
391097,20,FV,22,7585,Pave,IR2,9,3,1974,1975,1784,2209,2,0,2,2,7,2,3,480,8,2016
365139,120,RL,107,11227,Pave,Reg,6,2,2016,2000,707,2472,2,1,2,1,3,1,3,572,1,2021
221829,70,RH,99,8046,Grvl,IR1,3,5,2011,2022,561,2794,1,0,2,1,5,2,1,362,7,2019
321836,20,RM,77,14237,Grvl,Reg,9,4,2004,2002,1268,2108,1,0,3,1,10,0,1,589,7,2018
488974,70,RL,74,17649,Pave,IR3,1,7,1995,2005,1251,2667,0,1,5,2,11,2,1,510,8,2010
252283,30,RL,23,6945,Pave,Reg,3,4,1973,2008,460,932,1,1,5,1,11,1,2,94,3,2011
246769,60,FV,43,9927,Pave,IR2,1,9,1995,2019,524,2178,2,0,4,2,4,0,1,841,1,2016
87065,20,FV,53,14641,Pave,IR2,2,2,1971,2007,1879,1506,0,1,4,2,6,2,3,215,11,2022
273165,120,RM,49,17998,Grvl,IR3,8,6,1960,1962,1494,1510,2,1,4,2,7,2,2,724,9,2011
149299,30,RL,101,15386,Pave,Reg,7,7,1997,1992,1237,1000,2,0,1,1,5,2,3,815,1,2016
475822,70,RL,38,9016,Grvl,IR3,2,4,1957,2000,865,1549,0,1,4,1,3,1,2,711,11,2010
61534,30,FV,50,16027,Pave,Reg,2,6,1988,1968,642,1929,2,0,2,1,8,1,1,863,6,2012
90397,20,RL,79,17920,Pave,IR1,9,7,1984,1970,1913,2675,1,0,4,2,4,2,1,542,9,2014
307750,70,RL,79,15752,Pave,IR2,6,4,1998,1973,1644,2510,2,1,2,2,11,2,1,801,2,2021
403531,60,RL,38,5167,Pave,IR3,5,8,1995,1975,872,700,0,0,3,1,3,0,2,854,4,2020
313160,30,FV,68,13989,Pave,IR1,6,9,1987,1994,1358,1150,0,0,1,2,11,1,3,984,2,2015
105591,20,RM,82,16087,Grvl,IR1,9,1,1957,1977,932,2305,0,1,1,1,9,1,0,134,4,2022
270884,120,RH,102,4437,Pave,IR3,7,7,2003,1978,893,2943,2,1,5,1,4,0,3,82,2,2018
73247,70,RM,41,17275,Pave,IR3,9,9,1986,1966,1298,952,1,1,3,2,8,2,1,390,12,2018
74300,30,RH,43,7276,Pave,IR1,4,5,1989,2017,481,1618,0,1,2,2,10,2,2,46,1,2012
132798,30,RL,95,10859,Grvl,Reg,2,2,1983,1993,1255,1779,1,0,3,1,4,0,2,391,11,2017
59268,60,RM,49,9818,Grvl,IR1,8,6,1966,2010,1278,1697,0,1,1,2,7,2,1,717,3,2022
398951,60,RH,77,6728,Grvl,IR3,4,7,1982,2017,1945,1579,1,1,2,1,8,2,2,384,8,2013
324329,120,FV,50,7738,Grvl,IR1,9,2,1996,1974,1322,1955,1,0,3,1,5,0,1,380,5,2016
244776,120,FV,119,7793,Pave,Reg,4,2,2001,2016,411,1338,1,0,1,2,4,0,3,76,4,2015
267851,20,RM,83,6523,Pave,IR2,8,1,1958,1951,1686,1576,0,0,2,1,8,0,2,258,5,2017
482315,20,RM,38,7571,Pave,IR2,9,4,1982,1998,848,1971,2,0,2,2,5,2,0,948,6,2015
451787,120,RL,67,18209,Grvl,IR1,9,7,2009,2019,1615,2880,2,1,1,1,4,0,2,603,6,2013
286584,120,RM,64,17246,Pave,Reg,4,9,1970,1975,1161,2401,2,1,2,2,3,2,1,933,5,2011
88044,70,RL,119,12380,Pave,IR2,1,3,2007,2021,1537,2749,1,0,1,2,10,1,0,946,12,2016
363358,60,RL,113,4224,Grvl,IR1,3,7,2018,1976,425,1552,0,0,4,1,3,1,1,398,11,2020
426896,20,FV,74,10389,Grvl,IR1,9,7,1959,1967,1922,1080,1,0,4,2,7,0,2,99,12,2022
98984,60,FV,74,17927,Grvl,Reg,4,7,1955,2003,907,1837,0,0,2,2,8,2,0,500,6,2020
352918,60,RH,116,13684,Pave,IR3,5,2,1962,1950,1968,707,1,1,2,1,5,2,0,382,9,2013
314712,120,FV,37,12640,Pave,IR1,7,6,2014,2010,461,1572,0,0,1,2,9,2,2,706,5,2022
170151,70,FV,82,10662,Grvl,IR3,5,2,1969,1952,628,2226,0,1,2,1,4,0,0,191,6,2018
183767,30,RM,111,8361,Pave,IR3,4,6,2006,2017,1006,1303,0,0,5,2,9,2,3,579,4,2018
174375,70,FV,66,3948,Grvl,IR2,2,3,1995,1990,1458,2982,1,1,4,1,4,2,0,900,3,2016
229262,70,RH,94,14091,Grvl,IR3,2,2,1957,1986,1879,2733,2,1,2,1,7,2,0,753,12,2014
186330,60,RM,76,13992,Pave,Reg,4,6,1959,2000,1290,1474,1,1,2,1,9,1,3,601,6,2012
351648,70,RH,64,8318,Grvl,IR2,9,2,2022,1964,1925,2047,1,1,3,1,5,2,1,344,11,2012
214231,20,FV,52,14180,Grvl,IR2,8,5,2016,1957,1160,2707,0,0,2,2,6,1,1,9,11,2018
63986,60,RH,36,2234,Grvl,IR2,3,2,1960,1987,994,1873,0,1,5,1,3,2,3,263,5,2018
111858,20,RM,89,17372,Pave,IR1,9,3,1961,2005,1448,1159,2,0,4,2,5,2,0,267,4,2021
179312,30,RL,23,2522,Grvl,IR1,5,3,1959,1996,1992,716,2,1,3,1,11,2,2,831,5,2022
62666,60,RH,39,14718,Grvl,IR3,3,6,1974,1959,1455,1473,0,1,1,2,7,1,3,629,7,2020
350804,30,RH,66,11821,Grvl,IR2,5,6,1998,1998,1435,1567,2,0,1,1,10,2,2,761,1,2013
184633,60,RM,110,7832,Grvl,IR2,4,3,1998,1990,1742,2168,2,0,4,2,4,0,1,570,1,2020
338998,120,RM,34,14820,Grvl,Reg,8,3,1960,1979,400,643,0,1,1,2,5,2,3,194,11,2010
376649,70,RH,89,18211,Grvl,IR3,5,1,2011,1954,1858,1108,1,1,5,1,9,1,2,986,1,2022
154488,120,FV,66,9122,Grvl,Reg,8,7,1985,2020,1559,2611,2,0,2,1,6,1,0,561,2,2019
233323,30,RH,97,7842,Pave,IR3,9,8,1988,1980,1619,1788,0,1,4,1,11,0,3,406,9,2014
334806,70,RM,94,3316,Pave,IR3,4,2,2002,2001,532,1915,2,0,3,2,9,0,2,295,5,2017
320536,60,RL,28,15200,Grvl,IR1,7,4,2005,1972,485,1448,2,0,2,2,3,0,3,889,9,2019
80535,70,RL,109,19508,Pave,IR1,2,7,1950,1997,1899,2479,0,0,1,2,6,1,3,96,5,2013
425713,20,FV,35,17206,Pave,Reg,6,8,2005,1989,1747,1516,2,1,1,2,8,2,1,461,7,2019
364400,70,RH,88,3378,Grvl,IR3,8,1,1953,1955,1603,1398,2,1,3,1,8,2,1,638,6,2019
401279,20,RL,80,3519,Pave,IR2,7,4,1979,1987,915,1475,2,0,5,1,8,0,0,757,2,2013
439622,70,RH,29,9935,Grvl,IR1,7,6,1961,1990,574,2360,1,0,3,1,7,0,1,86,3,2022
347366,20,RM,69,8093,Grvl,IR2,8,3,1984,1976,1162,2933,1,0,4,1,5,2,1,990,5,2021
127373,30,RL,22,7355,Grvl,Reg,7,5,2001,2018,1444,1418,2,0,3,2,4,0,1,76,4,2018
173684,120,FV,96,11083,Grvl,IR1,5,9,1980,2006,1396,2768,0,1,1,2,5,2,2,888,11,2018
323109,60,RM,113,7574,Grvl,IR1,7,3,2017,1966,1528,1544,2,0,5,1,11,2,3,715,6,2016
74538,70,FV,89,15324,Pave,IR3,3,5,2001,2020,977,1506,2,1,5,2,5,2,1,482,8,2019
420210,120,RM,100,4257,Grvl,Reg,5,8,1956,1996,1866,612,1,0,3,1,5,2,2,145,8,2017
251664,60,RL,70,15411,Pave,IR3,7,6,1971,1962,448,1202,1,1,4,2,3,1,3,660,3,2021
425396,60,FV,38,17233,Grvl,IR1,9,4,2005,1960,927,799,1,1,1,2,4,2,1,110,4,2021
189182,20,FV,61,17887,Grvl,Reg,2,8,2007,1973,544,2391,2,1,2,2,5,0,1,640,1,2013
208338,30,RM,54,4005,Grvl,IR1,4,3,2013,2022,1763,1047,2,1,5,2,4,0,3,764,2,2017
234064,30,FV,65,12860,Pave,Reg,7,3,1961,1953,1161,2411,0,1,3,2,10,0,2,677,9,2015
264020,120,RM,45,12070,Grvl,IR1,1,4,1956,1995,1777,1440,2,0,4,2,8,0,2,296,12,2022
148806,30,RM,88,11388,Grvl,IR2,2,9,2004,1967,1498,1189,2,0,4,1,9,1,0,425,10,2012
450126,70,RM,112,16609,Grvl,IR2,9,5,2011,1992,1328,1753,1,1,1,2,3,2,3,648,10,2016
423133,30,RM,83,18363,Grvl,IR3,7,8,2022,1982,1193,2690,1,0,5,1,8,2,0,790,2,2012
140982,120,RL,56,18923,Pave,IR2,7,6,2004,1959,718,1119,1,0,1,1,4,0,2,333,12,2020
171626,30,RM,103,16823,Grvl,IR1,6,3,1985,2022,1510,1636,1,0,2,1,8,0,1,522,6,2016
169176,70,RH,68,19845,Pave,IR1,3,8,1973,2008,1976,1324,1,0,2,1,5,0,0,582,7,2014
443422,20,FV,40,10547,Grvl,IR2,3,9,1993,1980,1097,1587,0,0,2,1,9,2,2,670,6,2013
268126,120,RH,93,13515,Pave,IR3,2,8,1966,1977,1246,1402,0,0,4,1,5,1,2,727,8,2012
268969,20,RL,83,2234,Pave,IR2,6,4,1951,2009,1182,2949,0,0,5,2,11,1,1,537,9,2017
172409,20,RH,24,16562,Grvl,Reg,4,6,1962,1952,441,1126,1,1,1,2,5,1,3,797,8,2013
73419,20,FV,119,19932,Grvl,Reg,5,1,1980,2004,1516,2265,1,0,1,2,9,1,2,161,5,2017
493852,60,RH,89,9480,Pave,Reg,3,4,1977,1963,1930,1738,1,0,2,1,6,0,0,429,8,2019
303618,60,RL,109,6213,Grvl,IR2,6,8,2009,2007,928,1059,0,0,5,1,10,2,1,613,10,2012
295310,20,RM,23,12293,Grvl,IR2,3,1,1976,1964,1688,1531,1,1,5,1,4,0,3,68,10,2019
100015,120,RH,58,3673,Grvl,IR2,8,3,1964,1951,691,2586,0,1,3,2,10,1,3,132,9,2022
298550,70,RL,54,4100,Pave,Reg,9,1,1982,1973,1368,924,1,0,5,2,11,0,3,188,8,2018
172096,70,RL,20,13849,Grvl,IR3,4,9,1969,2013,1887,1178,2,1,5,2,10,1,2,722,2,2015
157059,30,FV,43,5841,Grvl,IR1,9,2,1991,2020,1983,2137,0,1,1,1,8,2,3,754,2,2014
235340,120,FV,76,12197,Grvl,IR2,7,9,1961,1973,496,2600,2,0,5,1,3,1,2,677,12,2014
160687,60,RH,119,10016,Pave,IR3,3,4,2022,1976,1518,2981,0,1,5,1,9,0,1,923,3,2022
400083,20,RM,89,9011,Grvl,IR1,7,2,1972,1986,1749,2931,1,0,1,2,3,2,1,921,7,2012
461357,30,RL,60,6493,Pave,IR1,1,4,2021,1988,473,1074,1,1,5,1,9,1,3,572,9,2011
261428,70,RH,73,19058,Grvl,IR1,3,6,1963,2012,1759,1677,2,0,1,1,4,1,1,873,8,2015
155878,60,RL,65,10578,Pave,IR3,6,7,1974,1975,1491,2081,1,1,3,1,10,2,0,278,9,2020
252982,60,RL,79,4158,Grvl,IR3,4,3,1980,2014,1157,2202,0,0,4,1,4,0,0,429,6,2010
499260,20,RM,79,4064,Grvl,Reg,7,3,2003,1953,1500,2043,1,0,1,2,5,2,2,624,1,2016
248286,70,RM,76,5253,Pave,IR3,3,8,1954,1978,607,1231,1,1,1,2,5,0,3,541,12,2014
299002,120,RH,50,14828,Pave,IR3,1,5,1962,1950,1644,1302,0,0,5,1,3,1,2,834,4,2013
300396,60,RM,103,3401,Pave,IR3,9,4,1977,1999,1685,1581,2,0,1,1,7,1,1,987,6,2018
214899,20,RM,43,17193,Grvl,IR1,6,7,1992,1960,809,1927,2,1,2,2,7,2,3,160,12,2019
499036,120,RH,108,14096,Grvl,IR2,8,7,1996,2008,730,2558,1,0,2,2,7,1,2,745,6,2010
374767,70,RM,55,6214,Grvl,Reg,3,9,2020,2011,743,1158,0,0,3,1,11,2,3,898,8,2020
387594,60,FV,104,13023,Grvl,IR2,8,9,1987,1985,1388,821,2,1,1,2,8,1,3,452,1,2013
405570,120,RL,49,13950,Pave,IR2,2,5,2016,2005,1170,2156,2,0,5,2,8,1,2,888,11,2012
429989,120,RL,43,12704,Grvl,IR3,4,8,2011,1970,473,2805,1,1,5,1,5,0,3,850,2,2015
465515,120,RL,49,12343,Grvl,Reg,3,1,1988,1962,653,947,0,0,4,2,7,2,1,169,2,2014
93585,60,RL,105,13867,Grvl,IR2,1,9,1986,1958,1358,1782,2,1,3,2,9,2,0,829,6,2016
421369,60,RH,111,4745,Grvl,IR2,7,8,1957,1960,1219,1488,1,1,5,2,5,1,0,697,11,2022
114044,30,RL,26,5866,Grvl,Reg,2,6,2001,2019,1385,1521,1,0,4,2,4,0,3,56,7,2010
485773,70,RL,54,13956,Grvl,IR3,4,3,1982,1950,731,1858,1,1,5,1,7,0,0,239,2,2022
492296,20,RL,74,7818,Grvl,IR2,9,3,1991,2019,1821,1004,1,0,4,2,5,2,3,768,5,2014
159556,120,RL,111,18093,Pave,IR1,6,8,1976,2005,1768,1880,2,0,2,2,7,2,2,357,6,2011
52693,30,FV,33,17493,Grvl,IR2,8,5,1957,1980,1146,1276,0,1,2,1,11,1,1,200,4,2011
407403,20,RL,29,19908,Grvl,IR1,2,7,1972,1986,1235,1188,1,0,5,2,3,2,0,443,1,2020
293307,30,FV,99,10224,Grvl,IR3,7,5,2013,1996,854,2220,1,0,3,1,6,1,2,836,3,2020
250235,60,RH,35,6025,Grvl,IR2,6,8,1969,1996,1538,2194,2,1,1,1,7,0,1,826,10,2011
75939,120,RM,73,8155,Pave,Reg,9,4,1965,2018,712,1165,1,0,3,2,4,2,0,301,9,2018
492141,20,RL,114,15839,Pave,Reg,7,2,1966,2007,1417,1303,1,0,3,2,4,0,0,105,6,2019
486157,20,RM,108,2719,Pave,IR2,1,3,1968,1985,627,1457,0,1,1,2,3,0,1,801,2,2012
202906,20,RM,96,16890,Pave,IR3,8,8,1957,1981,1233,1884,1,0,2,2,10,1,2,100,9,2013
68047,20,RH,89,19356,Pave,IR3,3,7,1987,2013,1257,1184,2,0,2,2,4,0,2,96,4,2014
338249,20,RM,63,6426,Pave,Reg,2,2,1987,2020,1668,831,0,1,1,1,5,1,0,664,11,2013
125766,30,FV,92,14512,Grvl,IR2,3,6,2002,1991,1217,2917,2,0,4,2,4,1,1,937,8,2013
458923,120,RM,64,17064,Pave,IR3,6,9,1980,1997,1949,1845,0,0,3,1,6,0,2,28,10,2014
465192,60,RM,119,15767,Pave,Reg,3,4,1993,1979,1417,651,0,1,5,2,3,0,1,505,7,2019
94262,60,RM,75,13308,Grvl,IR1,5,9,2009,1970,927,2763,1,0,2,1,5,1,1,664,12,2018
437261,60,RL,103,13477,Pave,IR2,6,2,1966,2009,1349,1137,1,0,5,2,7,1,0,437,11,2021
335920,60,RL,101,14903,Grvl,IR1,8,2,2022,1962,826,1140,1,1,1,2,3,0,1,378,3,2018
211152,30,FV,76,10680,Grvl,IR1,7,9,1988,1950,441,1642,2,1,5,2,6,1,1,72,8,2015
178376,70,FV,40,4204,Pave,IR3,8,7,1991,2014,864,1414,1,0,5,2,8,1,3,253,4,2020
187848,120,RL,87,3102,Grvl,IR3,3,7,1997,1982,677,2015,1,0,3,2,6,2,1,962,2,2021
142787,20,FV,69,7243,Pave,IR3,4,1,1961,1987,1235,2252,0,1,1,1,9,2,2,910,11,2012
177948,70,RL,52,8614,Pave,IR2,6,6,1967,1974,418,1018,1,0,5,2,9,2,0,515,5,2015
105016,60,RH,110,18299,Grvl,IR1,7,7,1955,1975,465,2956,1,0,2,2,8,2,0,748,1,2019
452690,70,RM,26,10707,Grvl,IR2,9,6,1992,2008,566,1463,1,0,1,2,11,2,1,549,8,2013
71959,120,RM,89,15913,Pave,IR3,1,6,1984,1982,1419,785,1,1,2,1,4,1,1,19,8,2012
186602,20,FV,34,2630,Grvl,IR1,8,2,2003,1990,802,860,0,0,4,2,10,1,2,624,3,2015
275928,20,RL,101,13908,Grvl,IR2,8,6,2011,1979,808,2151,1,0,5,1,10,2,3,534,1,2020
431245,120,RL,51,12847,Pave,IR2,6,4,2018,2006,511,1896,0,1,1,2,6,0,0,420,4,2015
315892,120,FV,94,11171,Pave,Reg,4,9,1965,1998,1697,2807,2,1,2,1,8,2,3,445,9,2011
278576,60,RL,39,14721,Grvl,IR2,3,1,1957,1997,1830,1361,1,1,5,2,8,0,2,878,9,2018
63545,20,RH,107,18661,Pave,IR3,3,8,1980,2021,1796,823,1,0,3,2,7,1,0,135,1,2017
439803,70,RM,34,18616,Pave,IR2,6,5,1959,1998,996,1879,1,0,2,1,3,0,2,504,11,2015
215838,30,FV,67,11744,Pave,IR1,8,1,2005,1996,1050,779,0,1,2,2,5,1,1,932,7,2010
385674,30,FV,90,7690,Pave,IR2,7,4,2019,2005,1462,2667,1,0,4,1,9,0,2,759,6,2021
405701,120,RL,40,15401,Pave,Reg,1,1,1969,2014,504,2247,1,0,3,2,10,1,1,300,7,2011
111087,60,FV,61,9659,Pave,IR1,6,6,1954,1961,723,1231,2,0,4,2,4,1,3,608,7,2013
118840,30,RH,45,12601,Pave,IR1,7,2,1972,2018,1391,2136,0,0,3,1,5,2,0,32,8,2016
168451,20,RL,33,13704,Grvl,Reg,7,5,1958,1955,1837,2705,0,1,2,2,6,1,0,646,8,2018
497600,120,RL,76,2025,Pave,IR3,9,7,2007,2014,828,2563,2,1,4,1,7,2,3,766,10,2019
363149,70,RL,56,17384,Grvl,IR1,5,2,2008,1974,1034,1214,0,0,5,1,5,2,1,277,11,2014
489792,120,RL,77,15705,Grvl,IR3,1,6,2003,1950,1129,1161,1,1,3,2,7,2,0,132,2,2019
89353,70,RH,40,10652,Grvl,IR1,2,6,1995,1981,1288,1221,1,0,2,2,10,0,2,749,12,2011
243075,120,RL,101,15379,Pave,IR1,4,5,1971,1952,1484,2735,2,0,1,2,10,0,1,526,12,2022
264283,120,FV,88,9006,Pave,IR3,5,5,2013,1998,1730,1613,0,1,3,1,4,1,0,788,12,2020
364877,120,RH,22,10682,Grvl,IR1,9,3,1957,1968,1777,2661,0,1,3,1,8,2,2,125,4,2020
115318,70,RM,106,3072,Pave,IR3,1,2,1969,2009,792,2780,0,0,5,2,6,2,2,344,4,2020
291025,70,RM,109,2215,Grvl,Reg,3,7,2000,1978,603,2560,2,0,3,1,11,1,0,16,11,2010
466880,120,FV,56,11915,Pave,IR3,5,1,1988,1999,657,1657,1,0,3,1,4,2,3,823,10,2019
117172,30,FV,107,11784,Pave,Reg,3,6,1986,1951,885,1191,2,0,5,1,10,1,3,561,12,2022
266688,60,RH,68,16824,Grvl,IR1,4,6,1999,2022,1940,1182,1,1,5,1,3,2,0,646,8,2010
306951,60,RM,38,5313,Grvl,IR3,3,3,1983,2005,845,2213,2,1,4,2,8,0,2,629,3,2014
143264,60,RM,108,13033,Grvl,IR1,4,2,1982,1966,1603,1701,1,0,2,2,3,1,3,377,12,2016
296458,70,RM,104,11968,Pave,IR3,1,2,1980,2009,1423,888,0,0,2,2,4,1,3,817,12,2018
338880,70,RM,31,18241,Grvl,Reg,8,9,2003,1985,741,2168,0,1,4,1,5,0,3,59,3,2018
275281,30,RM,80,7939,Pave,Reg,4,5,1993,2010,532,2043,0,0,2,1,11,1,1,636,2,2017
162859,60,RL,60,16696,Pave,IR3,7,7,1983,1966,842,606,2,1,3,1,7,0,3,466,1,2010
424325,60,FV,52,16794,Pave,Reg,2,5,2020,1998,652,1783,2,0,4,1,4,2,0,627,8,2014
444070,120,RL,69,4295,Grvl,IR1,2,7,2011,2009,664,839,2,1,4,2,7,0,0,390,9,2015
402228,70,RM,87,3696,Grvl,IR1,6,4,1972,1969,492,2586,0,0,2,1,7,0,1,935,9,2015
481839,60,RH,90,13185,Grvl,IR2,2,8,1995,1999,1834,2046,1,0,1,1,3,1,1,684,11,2013
319536,30,RH,105,14001,Pave,Reg,6,7,2005,1952,537,2349,0,0,2,2,5,2,0,186,8,2010
367824,30,RM,52,16350,Pave,IR1,2,5,1956,1992,1631,2717,0,1,1,2,7,0,1,497,5,2012
307426,60,RM,100,5644,Grvl,IR3,4,6,2010,2006,1401,2503,1,1,4,2,11,2,3,599,1,2019
227789,70,RH,43,8420,Pave,Reg,7,5,1952,1999,1996,2863,1,0,1,1,3,0,2,714,9,2013
268164,30,RL,80,13837,Pave,IR1,8,7,1987,2017,706,1677,1,0,3,1,10,1,2,360,6,2013
363003,120,RL,80,8353,Grvl,Reg,3,2,1983,1999,665,2977,1,0,5,1,3,0,2,822,12,2022
175657,30,RM,117,12541,Grvl,IR3,9,5,1993,1986,1045,1447,0,0,1,1,11,0,0,831,7,2013
285167,20,RL,47,3932,Grvl,IR1,2,3,1979,1995,717,1911,2,1,5,1,8,2,1,448,8,2014
207381,20,RH,77,13486,Pave,IR2,8,9,1966,1991,1536,2692,0,1,3,1,3,0,2,693,5,2022
244806,70,RL,62,3757,Pave,IR2,8,6,2008,1964,1300,2845,1,1,5,2,10,1,3,863,6,2020
120467,60,RM,60,7085,Pave,Reg,4,3,1959,1982,1801,1839,2,0,3,1,7,1,3,679,12,2018
233734,70,RH,58,7637,Pave,IR3,1,7,1967,1960,853,2104,2,0,5,2,9,0,3,180,7,2013
148506,70,RL,105,3116,Pave,IR1,1,4,1994,1969,590,1932,0,1,5,2,9,0,1,811,7,2018
159751,70,FV,68,12759,Grvl,IR3,2,3,2008,1973,1863,2979,0,0,2,2,9,2,2,958,2,2018
431050,70,RH,36,13691,Pave,IR1,9,8,2011,2013,1610,1295,0,1,1,1,8,2,3,129,11,2010
455904,120,RH,117,2492,Pave,Reg,2,4,2008,2014,1230,626,2,1,5,1,10,1,1,974,12,2014
337486,120,FV,89,10811,Pave,IR1,2,1,1998,2022,1790,2965,2,1,4,2,11,2,3,148,1,2018
218229,30,FV,89,8474,Grvl,IR3,6,6,2012,1966,1512,1559,2,1,2,1,4,0,2,471,8,2013
418452,20,RH,117,16385,Grvl,IR3,7,1,1981,2010,586,2126,1,0,1,1,9,1,2,817,5,2014
495299,70,FV,84,11738,Grvl,Reg,7,5,1959,1964,1218,2468,1,1,2,2,4,2,2,720,10,2013
156081,30,RM,93,15979,Pave,IR3,9,7,1960,2000,1420,972,0,0,1,1,8,1,2,622,2,2022
139045,20,RM,104,13755,Grvl,IR1,6,6,2019,1976,531,2549,2,1,3,1,4,0,2,947,3,2011
84698,60,RM,24,11797,Grvl,Reg,8,2,2011,2010,1271,844,0,1,5,1,8,2,3,499,6,2019
160078,120,RH,21,16607,Grvl,IR1,6,4,1996,2007,1034,2440,2,1,4,1,4,0,2,648,10,2011
392767,20,FV,41,14867,Pave,IR3,2,2,1983,1980,1983,2276,0,1,2,2,3,0,3,354,6,2011
72671,60,FV,76,9866,Grvl,Reg,1,1,1966,1961,1799,724,1,0,2,2,9,1,2,915,8,2022
468400,20,RL,85,17449,Pave,IR1,5,3,2003,1995,1090,1136,2,0,2,1,5,1,3,210,5,2010
405528,120,RL,93,12685,Pave,IR3,9,3,1989,1980,1091,2519,1,0,2,1,6,1,2,657,5,2012
485323,120,FV,117,7451,Grvl,IR3,8,7,1968,1981,1522,2235,2,0,5,1,8,2,3,595,7,2020
136202,30,FV,35,10548,Pave,IR2,4,1,2016,1981,1457,2025,0,1,1,2,7,2,2,29,10,2019
101663,70,FV,70,9186,Grvl,IR3,5,9,2002,2002,981,2140,2,0,5,1,6,1,1,999,5,2010
65708,20,RH,58,8102,Pave,IR1,5,6,2013,2010,570,1130,1,0,3,1,11,2,3,576,9,2013
404050,20,FV,105,2619,Grvl,Reg,6,4,1996,1995,1789,853,2,1,5,2,8,2,1,23,6,2010
361955,60,RL,95,2882,Grvl,IR2,3,3,1955,1956,1183,2768,0,0,5,1,8,1,3,983,7,2013
183883,120,RH,107,5642,Grvl,IR3,5,3,1965,1953,1482,1260,2,0,3,2,4,0,3,942,12,2012
368394,20,FV,59,3296,Pave,IR3,2,2,2021,2001,580,2401,1,0,5,1,8,2,3,722,8,2018
162547,120,RL,57,16122,Grvl,IR3,1,2,1967,1980,418,1660,0,0,1,2,9,2,0,221,5,2010
436393,20,RH,79,4895,Pave,IR1,1,5,2001,1985,1649,1965,1,1,4,1,10,0,2,601,11,2017
84754,30,FV,78,19313,Grvl,IR2,7,9,1997,2003,1896,1636,2,1,3,1,10,0,1,617,4,2020
276814,70,FV,29,7366,Pave,IR1,2,2,1992,2003,1518,1806,1,0,2,2,11,0,1,683,12,2018
287714,20,FV,118,10711,Pave,IR2,4,2,1988,1966,1280,2735,2,1,1,2,5,1,3,741,8,2021
192483,120,RH,83,10199,Grvl,Reg,5,6,1998,1979,1720,2693,0,0,4,2,9,0,1,924,12,2016
183983,30,RL,82,12717,Grvl,IR1,7,2,1961,1971,574,1742,1,0,1,2,9,1,1,588,10,2010
264835,20,RL,68,5423,Grvl,IR1,2,4,1959,1992,1645,2154,1,0,1,2,3,0,1,579,9,2013
451896,60,RM,83,12211,Grvl,Reg,6,6,2020,1976,453,2355,2,1,2,1,10,0,1,876,1,2019
134896,70,FV,51,14782,Grvl,IR2,1,5,2004,1986,1094,2565,1,1,4,2,6,1,0,400,3,2010
121295,20,RM,26,14474,Pave,IR3,7,1,1950,1995,1262,1344,1,1,1,2,7,1,3,864,12,2013
269686,30,RM,40,5667,Grvl,Reg,9,6,1998,1984,1826,2229,0,1,2,2,8,0,1,900,4,2012
412833,60,RL,39,10277,Grvl,IR3,5,1,1985,1953,1741,1566,2,1,3,2,5,0,0,603,7,2011
323255,30,RH,45,14424,Pave,IR3,5,3,1970,1975,748,1362,2,1,2,1,7,0,0,511,6,2010
349648,30,RH,87,10155,Grvl,Reg,4,5,1986,1968,842,1393,0,0,5,1,7,2,3,87,10,2015
182874,60,RL,105,5583,Grvl,IR2,3,5,1973,1994,1232,1343,0,1,2,1,3,0,2,464,10,2021
58155,30,RH,34,17515,Pave,IR3,9,6,2004,1975,979,1669,2,0,2,1,5,1,2,49,11,2016
351528,60,RM,104,6009,Grvl,Reg,5,8,1974,1971,1963,2131,0,0,2,1,5,2,2,102,1,2015
424705,20,FV,98,12410,Grvl,IR1,8,5,1956,2007,681,1157,0,1,1,2,3,1,1,367,4,2018
97254,60,RL,105,6967,Grvl,IR1,9,1,2020,2012,759,2594,0,0,4,1,9,2,3,935,6,2021
334062,60,FV,111,12695,Pave,IR1,5,5,2020,1977,1314,1125,2,0,2,1,3,2,2,491,3,2018
135981,70,RH,33,11135,Grvl,Reg,9,3,1973,2014,1222,1439,0,0,2,2,9,1,1,557,2,2011
80306,60,FV,46,7722,Pave,IR1,2,4,1960,1993,1291,602,1,1,5,2,6,2,3,690,2,2011
197718,60,RH,59,17514,Grvl,IR3,9,8,2022,1992,1352,1651,1,1,5,1,11,1,1,778,10,2018
358987,20,RH,77,13128,Pave,IR1,4,7,1961,1986,1040,2004,2,0,3,1,9,0,2,267,12,2010
170975,70,RM,47,6444,Grvl,IR1,6,5,1984,2015,1431,756,0,1,3,2,7,2,2,396,12,2014
408745,120,RH,45,9618,Pave,IR3,6,2,2012,1966,962,2537,1,0,5,1,9,1,0,319,4,2010
157512,20,RM,82,3196,Pave,IR1,6,6,2017,1989,890,2554,2,1,4,2,11,2,0,519,1,2016
197443,20,RM,85,14297,Pave,IR3,2,6,2006,1987,740,1110,1,0,3,2,8,1,3,448,10,2018
423616,120,RM,44,4787,Pave,IR1,7,6,1962,2010,871,1286,0,0,4,1,3,0,1,776,2,2015
183121,60,RL,22,9927,Pave,IR3,6,9,1972,1958,648,1737,2,1,5,1,8,0,1,475,10,2011
212688,30,RL,91,4176,Pave,IR1,1,8,1988,2010,634,2012,1,1,3,1,3,2,2,897,2,2015
415871,70,RH,63,10792,Grvl,IR3,2,8,1961,1965,1506,2110,2,1,2,2,6,2,2,589,4,2018
425037,30,RM,116,11171,Grvl,Reg,7,1,1983,1951,1516,1170,1,1,5,2,10,1,3,908,4,2012
333076,120,RL,61,4451,Pave,IR3,1,5,2020,2021,1817,1314,1,1,3,1,7,1,0,239,1,2018
167796,20,RM,118,2628,Pave,IR1,1,7,1980,1992,1223,1938,0,0,4,1,7,2,2,257,7,2017
341999,20,FV,25,11821,Pave,IR1,1,6,2011,1991,1691,2886,0,0,4,1,10,1,1,707,7,2022
242506,70,FV,58,9778,Pave,IR2,8,5,1962,2006,1840,2950,1,0,3,2,10,1,2,971,10,2021
224088,20,FV,71,5696,Grvl,IR3,4,8,1980,2016,1031,1590,2,1,4,2,3,1,0,943,11,2016
319544,20,RH,42,14972,Pave,Reg,4,3,1951,1979,928,933,2,1,3,2,7,2,1,841,10,2017
430002,70,RM,108,10307,Grvl,IR3,2,6,1964,1962,1676,2760,0,0,3,1,7,0,0,642,10,2019
223714,70,FV,69,6956,Grvl,IR3,1,5,2006,1968,521,2244,1,0,4,2,10,0,3,963,1,2015
65151,120,RL,62,12195,Pave,Reg,9,8,1983,1956,1291,961,0,0,1,2,3,1,3,389,11,2012
494623,20,FV,38,19076,Pave,IR3,7,4,2017,1958,409,2480,1,0,2,1,9,2,0,342,8,2016
116690,20,FV,88,3105,Grvl,Reg,4,8,1978,2003,1739,2744,1,1,5,2,9,1,1,772,10,2013
54499,120,FV,70,17417,Grvl,Reg,6,2,2015,2010,1237,2581,0,0,2,1,11,0,0,753,7,2020
56295,60,RH,30,16188,Pave,IR3,2,9,1965,1951,1696,2663,2,1,5,2,4,1,2,386,7,2019
433029,60,RL,31,14602,Pave,IR3,7,9,1988,1999,1729,2577,0,0,5,1,5,0,2,393,11,2014
438215,60,RM,93,11256,Pave,IR1,2,6,1986,1980,1633,975,1,1,2,1,6,2,0,682,6,2017
371184,120,RL,27,16212,Grvl,IR1,8,4,1970,1982,1152,1341,0,1,3,2,3,1,2,658,12,2016
324327,20,RM,43,3913,Grvl,IR2,8,4,1993,1960,1285,989,2,1,4,1,9,2,0,269,4,2016
472515,120,RH,111,12593,Pave,IR2,1,6,1968,1982,863,1840,2,1,1,2,5,1,2,148,11,2017
193946,120,RH,60,3772,Grvl,IR3,8,5,2020,1956,1111,1423,1,0,1,1,5,1,0,379,8,2019
428480,60,RH,55,14996,Grvl,Reg,2,6,1957,1980,1127,2967,0,0,1,1,5,1,2,810,2,2012
82711,30,RH,104,4871,Pave,IR2,6,7,2015,1997,1116,2843,2,0,2,1,10,1,1,27,7,2012
317683,20,RM,91,15234,Pave,IR3,1,7,1990,1996,1839,1017,0,1,2,2,11,1,1,148,3,2011
234423,60,FV,74,19044,Grvl,IR2,5,9,2019,2002,1639,1206,2,0,3,1,4,2,2,419,3,2010
229426,30,RM,28,12521,Grvl,Reg,7,8,2010,1968,479,1167,1,0,1,1,3,2,0,279,7,2019
438207,30,RL,66,12642,Pave,IR3,1,6,1975,1955,879,1143,1,0,3,2,11,0,2,181,12,2015
183629,70,RH,34,3132,Pave,Reg,2,6,2020,1998,1301,2878,0,1,1,1,8,1,3,165,3,2015
350504,20,RH,67,2699,Pave,IR3,7,5,2019,2022,1290,1483,1,1,2,1,11,0,3,16,5,2022
263090,30,RL,101,16534,Pave,IR2,6,1,1978,1999,1970,1302,2,1,4,1,8,2,0,149,8,2019
183272,60,RM,61,12230,Pave,IR1,3,9,2015,1961,417,1823,1,0,4,1,4,0,2,338,4,2021
293548,70,FV,79,8297,Grvl,IR2,2,9,1968,1972,1588,2222,2,0,4,2,3,2,2,44,7,2017
228047,20,FV,103,14839,Grvl,IR2,4,9,2017,2003,1948,2668,2,0,4,1,10,1,1,501,7,2015
333501,120,RL,89,9812,Grvl,IR1,3,8,2007,2018,601,2386,1,1,5,1,5,0,0,841,2,2015
169121,60,FV,31,6557,Grvl,IR1,7,3,2019,2008,1140,2219,2,0,1,2,3,0,3,188,8,2010
127505,30,RM,21,4179,Pave,IR3,8,1,2006,1985,1769,2057,2,1,4,1,10,0,3,650,10,2021
52869,30,RM,26,13030,Pave,IR3,2,8,1986,1952,1789,2183,0,1,5,1,3,0,0,60,12,2016
307186,60,RL,99,11065,Pave,Reg,7,7,2010,2007,1871,2514,0,1,5,2,10,1,3,293,10,2016
362252,30,RM,22,10275,Grvl,Reg,8,5,1979,2004,1936,677,0,1,5,2,3,2,0,833,9,2019
162296,70,RH,22,19806,Grvl,IR2,6,7,2020,2006,718,1908,1,0,3,2,11,2,3,32,6,2018
144179,20,RL,46,17089,Grvl,IR1,6,4,2022,1966,616,1247,0,0,3,2,11,1,3,298,5,2021
140272,70,RM,59,5180,Pave,Reg,1,9,1974,1988,1457,2787,2,1,5,1,11,2,0,414,1,2016
88467,30,RL,52,8696,Grvl,IR2,4,2,2014,2017,665,1152,1,0,4,2,5,0,0,623,1,2017
335472,120,FV,111,11583,Pave,IR1,1,9,1955,2004,1123,1597,1,1,1,1,6,1,3,802,9,2013
403556,20,RM,20,18998,Pave,IR3,4,9,1967,1994,1174,881,1,0,2,2,7,2,3,548,4,2018
185059,20,RH,27,15869,Pave,IR2,2,5,1959,1950,1503,1881,1,0,3,1,8,1,1,430,1,2010
108871,60,RM,51,13757,Pave,IR3,5,1,1960,1970,812,2446,2,1,4,2,11,1,2,494,11,2017
465615,60,RL,67,18654,Pave,Reg,9,7,2014,1970,1675,1983,2,1,4,2,6,2,0,99,10,2012
178391,120,RL,23,14258,Pave,Reg,3,4,2014,2001,1435,2917,0,1,2,1,8,2,0,22,12,2010
489430,20,RM,113,4468,Grvl,IR1,8,9,2001,1992,800,1757,1,1,2,2,3,1,2,419,3,2011
136416,120,RH,89,16208,Pave,IR2,3,6,2016,2001,1123,703,0,0,4,2,4,1,1,423,6,2015
382415,60,RH,38,17042,Pave,IR3,6,3,1980,2016,681,1365,2,1,2,2,10,2,3,486,11,2014
356208,60,RH,51,17639,Grvl,IR1,4,6,1966,1993,1535,2742,1,0,4,1,6,1,3,729,11,2012
306687,20,RL,28,13546,Pave,Reg,8,6,2004,1981,1122,2196,2,1,2,2,9,2,1,88,8,2018
251163,70,RM,31,14327,Grvl,Reg,6,5,1985,1959,1801,1079,0,0,2,2,6,1,1,208,10,2017
157450,30,FV,30,16270,Grvl,IR2,8,2,1975,2013,1150,2660,2,1,4,1,11,1,2,270,2,2022
221890,60,RL,65,17523,Grvl,IR3,1,2,2002,2018,667,2563,1,0,5,1,11,1,2,932,8,2012
488741,60,RH,35,16300,Pave,IR2,6,7,1966,2017,697,2742,1,0,4,2,6,2,3,748,1,2011
331974,70,RM,20,12775,Pave,IR3,1,2,1974,1977,1740,2940,0,0,1,1,10,0,1,899,11,2017
460645,70,RH,82,14265,Grvl,IR3,1,6,1951,2002,969,2672,1,1,2,1,8,2,1,405,2,2014
450109,120,FV,40,18673,Pave,IR2,8,5,1954,2000,908,1895,2,1,3,1,3,1,3,720,8,2018
166381,120,RH,49,8614,Pave,IR1,7,4,1953,2002,945,2128,2,1,2,2,9,0,3,277,7,2010
97333,30,RH,32,5252,Grvl,IR2,3,7,1985,1953,1174,1789,2,1,1,2,3,0,3,976,5,2019
184508,30,FV,53,9415,Grvl,IR2,6,8,1955,1966,764,1538,2,0,3,1,5,1,3,205,10,2012
255362,20,RM,23,18662,Pave,Reg,9,4,1970,2016,946,1361,0,0,3,2,10,2,3,589,2,2014
388357,120,RL,47,13116,Grvl,Reg,7,1,1975,1996,670,1253,2,0,4,1,11,0,2,912,9,2011
449111,60,RM,114,18964,Grvl,IR2,3,1,2004,2005,1897,2269,0,1,5,2,5,0,3,327,5,2012
200810,120,FV,78,6958,Grvl,IR2,6,1,1988,1972,1138,2531,2,0,4,1,3,2,1,609,8,2013
342890,60,RH,46,6276,Pave,Reg,4,1,1982,1967,936,1726,0,0,3,2,3,2,0,857,4,2013
99377,70,RM,88,6776,Pave,IR3,3,5,1963,1950,1657,2525,2,1,3,1,9,0,2,876,9,2020
491620,120,RL,44,19208,Pave,IR2,9,4,2005,1984,458,1174,2,1,5,2,7,2,1,861,10,2018
366189,70,FV,22,5832,Grvl,IR1,2,9,1970,2013,1674,2941,0,0,2,2,3,0,0,981,7,2010
410032,30,RM,116,16901,Pave,IR1,1,3,1995,2007,485,1929,1,1,5,1,8,1,2,335,2,2021
483006,30,RL,87,7445,Grvl,IR1,2,7,1965,2008,1162,1877,1,1,4,2,8,2,3,605,3,2018
419599,20,FV,44,3380,Pave,IR2,7,8,1965,1950,789,1803,1,1,2,2,6,0,2,591,2,2018
186672,120,RL,39,11865,Pave,IR3,1,6,1978,1952,1603,639,0,1,4,2,9,2,3,37,5,2020
275732,70,FV,53,15926,Grvl,IR3,6,1,1957,2016,1118,1119,1,0,5,2,9,2,3,919,2,2015
405323,60,RH,45,13580,Pave,Reg,7,8,1952,1986,1255,2239,1,0,2,2,11,0,3,227,5,2020
221836,30,RM,24,7634,Grvl,IR2,9,3,1968,1978,548,2883,0,0,5,2,3,1,0,482,9,2010
255615,30,RL,118,7810,Pave,IR3,8,8,2015,1982,982,1062,1,0,1,2,7,0,2,133,2,2020
95714,60,FV,80,12179,Pave,IR2,6,4,1971,2010,520,1851,1,0,3,2,5,2,3,707,9,2022
152946,70,RL,111,14251,Grvl,Reg,3,8,1995,1953,1164,2448,1,1,2,1,9,0,1,977,7,2021
421760,70,RL,112,15131,Grvl,Reg,8,1,1962,1963,1004,1082,0,0,3,2,6,2,2,389,7,2015
155983,120,RM,28,14707,Grvl,Reg,7,3,1982,1982,655,942,0,0,1,1,6,0,1,793,5,2017
237563,120,RH,69,4749,Pave,IR1,3,6,1954,1971,1165,1796,1,1,2,2,3,1,0,612,8,2014
174123,20,RL,25,15156,Pave,IR2,9,9,1976,1997,1263,2062,1,1,3,1,3,1,0,986,7,2014
461805,30,FV,102,18589,Pave,Reg,2,2,1973,1952,1199,1802,0,1,3,2,4,1,2,424,6,2010
355628,120,FV,79,5450,Grvl,IR2,3,1,2016,1972,1732,2221,1,0,2,1,4,1,0,586,2,2010
132989,70,RH,63,9214,Grvl,IR1,2,3,2012,2017,458,2780,0,1,3,1,3,0,0,805,6,2017
348356,60,FV,30,13814,Grvl,IR1,1,4,1997,1970,1421,2998,1,1,3,2,10,1,2,509,2,2022
355669,70,RH,85,7141,Pave,Reg,4,5,2012,1992,1492,2731,0,1,2,1,8,0,1,719,1,2014
228274,30,FV,66,4708,Pave,Reg,5,3,1961,1975,1869,1592,2,0,3,2,8,2,3,594,9,2017
213707,70,RM,92,17088,Grvl,IR3,6,2,1977,1990,787,2990,2,1,3,2,11,2,2,426,5,2019
375352,20,RL,104,13834,Pave,IR2,5,2,1993,1987,1509,1789,0,1,4,1,7,2,2,948,10,2011
345972,30,RM,107,14278,Grvl,Reg,1,7,1992,1960,1185,2940,2,0,4,2,6,1,3,654,10,2013
461927,60,RL,117,12014,Pave,IR3,3,9,1966,1978,1650,2203,1,1,1,1,8,1,1,473,4,2022
315564,20,RL,105,5273,Pave,IR2,1,2,1989,2009,992,1793,0,0,4,1,10,1,3,567,12,2020
408896,30,RL,22,16367,Grvl,Reg,5,7,1998,2016,1607,1197,0,0,4,2,3,2,3,360,11,2019
181373,60,RM,95,6538,Pave,IR3,5,7,2006,2014,1745,1244,1,1,1,2,9,2,1,951,8,2018
488452,20,RL,111,14541,Pave,IR3,6,7,2013,2010,1308,1047,1,0,3,2,10,2,1,798,5,2022
165294,20,RM,49,10712,Grvl,IR2,8,3,2006,1968,1741,1363,0,1,3,2,11,2,3,210,7,2012
497456,30,RH,109,11168,Grvl,IR3,1,7,2019,1995,965,1334,1,1,4,2,10,0,3,952,3,2015
174019,120,FV,40,5551,Pave,IR2,4,1,1992,1998,798,2242,0,1,1,1,9,0,2,178,8,2020
115726,20,FV,47,14297,Grvl,IR2,1,1,1972,1971,1298,2897,1,1,3,1,5,1,1,919,8,2016
191564,20,RL,109,12965,Pave,IR2,9,5,1976,2006,1716,1200,0,0,5,2,4,1,0,57,3,2012
427812,60,RM,81,4832,Grvl,IR1,7,2,2007,1963,692,2772,1,1,2,2,5,2,1,72,9,2010
318246,70,FV,52,15422,Pave,IR3,7,9,1986,1993,884,2760,1,1,2,2,6,0,3,214,8,2011
231408,30,RM,104,2152,Pave,IR2,5,7,1955,1965,1870,1580,2,1,2,1,6,0,3,899,1,2020
168015,30,RM,54,13156,Grvl,Reg,7,4,2014,1961,1202,2382,2,0,4,1,8,1,3,777,8,2019
266386,120,RL,71,13108,Pave,IR1,2,4,1955,2004,1835,2797,2,0,2,1,9,0,3,958,12,2016
304079,120,FV,53,4800,Pave,IR1,4,2,1999,2000,1931,2990,1,1,2,2,6,1,0,72,11,2016
76641,30,RL,60,7310,Grvl,IR3,7,5,1971,1988,1289,1179,0,0,5,2,8,2,1,466,4,2021
215656,120,RL,70,11944,Grvl,IR2,3,4,1974,1982,643,1382,1,0,3,1,11,2,0,270,6,2010
213817,60,FV,66,4610,Pave,IR3,2,1,2021,1982,1843,2968,2,1,5,2,8,1,0,498,10,2019
466309,30,FV,101,14067,Grvl,IR1,2,8,2000,1978,1359,1131,1,1,4,2,5,2,3,353,9,2016
415890,120,RH,77,3104,Grvl,IR2,1,3,1997,2018,1577,2112,2,1,2,1,3,2,0,233,5,2019
495101,30,RH,94,12728,Pave,Reg,5,6,2019,2019,1215,1211,2,1,3,1,7,0,3,318,7,2020
86631,70,RM,76,9263,Pave,IR2,6,4,2014,1980,1847,2899,0,1,2,2,5,0,3,18,1,2015
292289,20,FV,42,3914,Grvl,IR1,6,9,2009,1980,672,2605,0,0,2,1,10,0,3,624,9,2020
122991,30,RH,67,2406,Grvl,Reg,9,7,1995,1995,919,1700,2,1,4,2,3,0,0,574,6,2015
54014,20,RM,41,15689,Grvl,IR2,4,9,1985,2001,1551,2270,2,1,2,1,4,0,3,371,11,2016
323237,120,RM,36,2166,Pave,Reg,1,3,2007,1959,1796,2015,1,1,1,1,5,1,0,183,4,2016
68070,20,RM,88,2508,Pave,Reg,6,1,1987,1990,967,2035,2,1,3,2,5,1,1,276,6,2010
347921,30,RH,30,5664,Pave,IR1,5,5,1960,1952,1037,2820,1,1,3,2,10,0,3,673,5,2019
106958,70,FV,113,15050,Pave,Reg,6,3,1961,2008,558,1474,2,0,1,1,7,2,2,754,3,2014
132074,120,RL,34,2680,Pave,IR3,3,6,1991,2001,1994,2848,0,1,4,2,10,2,2,144,7,2017
60729,30,RM,110,6357,Pave,IR1,2,8,1988,1983,1993,816,0,0,2,1,8,1,2,657,3,2017
280785,120,RH,54,3363,Pave,IR3,6,4,2020,1998,1051,975,2,1,2,2,4,1,2,80,2,2012
226089,60,RH,52,11523,Grvl,Reg,1,5,1960,1977,575,2209,1,1,3,1,6,1,2,321,4,2012
247392,20,RL,103,4292,Grvl,IR3,7,5,1985,1962,1019,610,1,1,4,1,11,2,0,434,7,2016
208823,60,RL,35,3538,Pave,IR2,7,4,2001,2018,610,2213,1,0,4,1,6,1,1,832,5,2013
155864,30,RH,53,5408,Pave,Reg,7,4,1980,2016,846,1417,2,1,4,2,7,2,0,42,9,2015
443002,70,FV,85,10752,Pave,IR2,1,4,1982,2010,985,1896,2,1,2,1,7,1,3,312,10,2018
259141,120,RL,118,2174,Grvl,IR3,4,4,1962,2009,566,1290,0,1,4,1,10,2,1,905,7,2019
417654,20,RH,59,4230,Pave,IR2,7,4,1967,2020,859,2199,0,1,1,1,8,1,1,292,12,2011
104748,120,RL,47,6287,Grvl,Reg,9,5,1990,1973,1315,2132,2,1,5,1,9,1,1,687,9,2011
55801,30,FV,66,14112,Grvl,IR2,5,2,2007,2012,1780,1755,0,1,4,2,8,2,1,887,9,2015
200262,120,RM,58,9106,Grvl,IR3,2,2,2005,2010,1727,2547,1,1,5,2,7,1,2,68,12,2012
492905,20,RL,89,11689,Grvl,IR3,7,9,1973,1972,1656,1383,1,0,2,1,7,0,3,55,2,2010
285362,30,FV,92,14046,Grvl,IR3,1,2,2022,1979,1750,2966,2,1,4,1,5,2,1,630,1,2011
494209,120,RH,39,19951,Pave,Reg,7,6,1980,2009,1605,2572,1,1,3,2,9,1,1,203,11,2022
79592,70,RL,20,3151,Pave,IR3,6,2,2004,1967,1757,2476,2,1,2,1,7,2,2,419,4,2016
322791,30,RL,91,9619,Grvl,Reg,7,5,1959,2005,1452,1384,1,0,1,2,9,1,0,926,4,2013
189788,30,RH,106,8033,Pave,IR2,3,4,2009,2002,1113,996,2,0,1,1,4,0,0,566,2,2021
269963,70,RM,82,10560,Grvl,IR3,3,7,1951,1956,1516,1681,1,1,5,2,11,1,0,549,3,2011
298710,60,RH,86,6946,Grvl,IR2,7,7,1964,2018,1240,2103,1,0,5,1,10,1,3,242,3,2020
270984,20,RL,23,3907,Pave,IR1,2,6,1952,2021,1267,2633,0,1,3,2,7,0,0,200,5,2021
422771,60,RH,77,5490,Pave,IR2,1,5,1992,2001,1087,2214,0,1,3,2,4,2,1,747,1,2021
382460,120,FV,44,6173,Pave,IR1,9,1,1980,1953,729,1059,0,0,1,2,8,1,2,473,9,2017
308067,70,RH,66,13065,Pave,IR2,9,3,2019,1983,1607,2708,0,1,4,1,10,1,2,526,8,2013
314512,60,RL,57,19677,Pave,Reg,7,9,2016,2018,494,1145,0,0,1,2,9,0,0,655,8,2013
127575,30,RH,34,6769,Grvl,IR2,7,1,2005,1982,1184,1096,0,0,1,2,10,2,2,76,3,2011
318799,120,RM,82,6796,Pave,Reg,3,5,2012,2018,1048,1104,2,0,3,1,6,2,1,984,2,2010
287549,120,RH,40,15046,Pave,Reg,2,2,1964,1987,752,1692,2,1,5,1,5,0,0,477,1,2010
120031,60,RM,118,16211,Pave,IR3,7,4,1959,1975,1329,2808,0,1,3,1,9,0,1,820,12,2012
137922,60,FV,76,6997,Grvl,Reg,9,1,1987,1950,1340,2237,2,1,3,1,4,1,3,439,6,2015
498982,70,RM,72,19376,Pave,IR1,1,3,1996,1953,1383,1317,0,1,3,2,7,0,1,262,10,2016
174046,20,RH,65,10112,Grvl,IR3,4,7,2006,1988,1688,2192,2,1,1,1,9,0,1,184,1,2022
456619,60,RL,33,7287,Pave,IR3,6,3,1999,2003,1442,2008,1,1,4,1,3,0,1,54,11,2018
82097,60,RM,119,12578,Pave,IR2,7,4,2020,1982,1045,868,2,1,1,1,6,2,1,307,5,2014
192038,30,FV,95,19860,Grvl,Reg,7,2,1964,1982,1025,2546,2,0,2,1,4,0,3,515,9,2018
174862,120,RM,36,8426,Pave,Reg,2,3,1967,2021,1922,2077,2,1,3,1,8,1,0,298,11,2017
280229,20,RM,58,13599,Pave,IR1,4,9,1951,1969,538,2141,1,1,3,1,3,1,1,551,9,2010
168834,30,RM,28,2389,Grvl,IR2,5,3,1992,1965,1115,1464,0,1,2,1,9,1,0,229,12,2020
143848,70,FV,118,2999,Pave,IR2,1,5,1975,1970,1996,2997,2,0,3,2,5,0,2,376,4,2021
102921,70,RH,96,14812,Grvl,IR3,1,2,2020,1994,1161,709,2,0,3,2,3,2,1,285,7,2012
230798,60,RM,98,17599,Grvl,IR3,3,4,1987,2011,1948,1249,1,0,3,2,10,0,1,137,11,2017
176141,60,RM,101,3855,Grvl,IR3,3,7,1991,1980,654,2698,0,1,2,2,9,0,2,477,7,2018
231372,70,RL,116,10125,Grvl,IR1,8,7,1954,1991,1508,2099,2,0,1,2,4,1,0,614,4,2013
334821,60,FV,25,15794,Grvl,IR1,9,3,1960,1961,1881,1710,1,0,3,1,9,0,3,6,5,2021
105609,20,RM,110,4763,Pave,IR3,1,5,2014,2014,1955,1195,0,1,4,1,5,2,1,675,11,2015
277897,60,FV,42,6986,Pave,IR2,2,1,1983,2022,1985,1578,0,1,2,1,11,1,2,418,9,2013
499877,120,RM,78,3481,Pave,IR1,2,1,1950,1952,1075,1330,2,1,5,1,10,2,2,471,7,2022
81024,60,RH,110,5731,Grvl,IR2,4,5,1951,1958,491,656,2,0,2,2,7,2,1,934,7,2018
120313,30,RH,117,18835,Grvl,IR2,2,9,1969,2000,1492,2843,2,1,1,2,9,2,0,419,10,2011
439957,20,RM,65,19266,Grvl,Reg,7,1,2010,1965,436,2383,2,1,2,1,5,0,0,876,7,2015
234078,30,RH,57,12758,Grvl,IR3,9,1,1970,1952,539,2301,1,1,5,1,3,0,1,275,9,2020
407429,30,RM,33,18311,Pave,Reg,7,4,2017,1973,1266,1886,1,1,4,2,3,0,2,560,5,2022
458554,120,RH,119,10566,Pave,IR3,6,4,1961,2022,1079,711,2,1,5,2,4,0,1,607,6,2012
163632,20,RL,91,13889,Grvl,IR3,1,2,1971,1962,1989,1310,0,1,2,2,10,1,3,570,3,2019
462724,20,RL,81,13254,Grvl,IR2,9,9,1969,1951,1601,1801,2,0,5,1,3,0,3,742,1,2013
301451,20,RL,54,13442,Pave,IR3,5,9,1950,2020,536,1547,0,1,2,1,7,1,0,688,11,2011
53051,20,FV,38,15521,Grvl,IR2,5,2,1979,1970,589,625,0,0,4,2,11,2,3,89,12,2020
229819,20,FV,49,6559,Grvl,IR2,6,9,1973,1968,741,1357,0,0,4,2,11,1,2,281,2,2017
426836,120,RL,97,18199,Grvl,IR3,9,6,1963,1996,1982,2400,1,1,1,1,4,0,3,547,8,2019
137235,60,FV,103,9291,Pave,IR2,8,8,1985,1971,1428,2155,0,0,4,1,9,1,1,170,1,2017
497237,30,RH,44,10160,Pave,IR2,8,4,2018,1982,1371,2441,0,0,3,1,3,0,2,637,10,2010
247484,20,RM,59,2112,Grvl,IR2,8,2,1973,1981,1680,2893,1,0,5,1,5,0,0,994,7,2019
239407,60,RM,107,17924,Pave,IR1,1,2,2009,2013,1061,1704,0,1,5,2,8,1,0,810,5,2015
499395,60,RM,33,18523,Grvl,IR2,1,9,2004,1988,642,1261,0,0,2,2,11,1,3,354,6,2010
475309,30,RL,45,3424,Grvl,IR1,8,1,1973,2021,814,1508,2,0,4,2,4,2,0,203,8,2015
261810,120,FV,106,12808,Pave,IR1,5,7,1973,1991,1106,1121,0,0,1,1,9,2,1,288,4,2016
482950,70,RH,41,8043,Grvl,IR2,9,3,2003,1958,742,2456,0,0,1,1,6,2,2,867,6,2011
253687,70,RH,67,8989,Grvl,IR2,2,3,1975,1974,1081,2359,0,1,1,1,4,2,1,461,11,2018
123523,60,RL,102,8261,Pave,IR1,9,2,2015,1951,1802,2911,0,1,3,2,5,2,1,608,3,2017
286175,30,RH,70,2887,Grvl,IR1,8,6,1987,1968,1052,1389,0,0,4,2,8,1,1,749,7,2018
144476,70,RH,22,18433,Grvl,IR2,9,2,2014,1969,545,1897,1,1,1,2,11,2,1,172,2,2019
283841,60,RH,61,18402,Grvl,IR2,4,4,2000,2019,722,2329,0,1,3,1,10,1,2,300,12,2022
329163,120,RH,38,14253,Pave,IR3,1,9,1984,1966,521,771,0,0,5,1,11,2,2,599,8,2013
395757,70,FV,92,9846,Grvl,IR1,1,9,1992,2017,1675,864,1,1,2,2,6,0,1,910,7,2013
272866,60,RH,47,8432,Pave,IR1,5,6,1978,1952,710,2586,1,1,4,1,6,2,1,862,12,2021
136672,60,RM,103,15452,Grvl,IR3,2,4,1986,2000,1000,1649,0,0,4,2,11,0,0,528,12,2017
123847,20,RL,64,15395,Grvl,IR1,8,7,2007,1975,874,2092,0,0,5,2,10,1,0,139,8,2010
394894,120,FV,90,5765,Grvl,Reg,5,1,2003,2005,969,2485,0,1,4,2,4,2,2,765,2,2017
260706,20,RH,97,17950,Grvl,IR1,5,4,1988,2013,1915,1075,2,1,4,2,10,1,0,277,3,2016
78251,30,FV,82,14502,Pave,IR3,2,5,1991,1957,974,1649,2,1,4,1,3,2,2,662,12,2021
153481,20,RH,92,11741,Pave,Reg,7,8,1977,1986,746,633,0,1,4,1,11,1,2,510,4,2016
424710,20,RM,38,7941,Grvl,IR2,8,2,1978,1976,1219,2911,1,0,3,1,11,2,3,345,12,2018
75945,70,RL,66,6855,Grvl,IR3,1,5,1992,1994,1910,1761,0,0,3,1,10,2,2,845,9,2022
402996,60,RH,33,17166,Grvl,IR3,2,6,1952,1953,1896,1415,1,0,2,1,7,0,0,139,12,2019
82217,120,RH,57,7788,Grvl,IR2,4,5,1959,1986,781,1353,1,0,4,1,7,1,3,113,12,2016
58308,20,RH,72,2201,Grvl,IR3,5,9,2008,2020,1703,1165,1,0,5,2,5,1,0,579,5,2011
318093,120,RH,80,12561,Grvl,IR1,2,1,1963,1982,471,1061,0,1,1,1,7,1,2,506,6,2010
233062,20,RL,55,18901,Grvl,IR2,1,3,1996,1980,920,2254,0,1,2,1,6,1,2,365,1,2010
444366,30,RL,59,9737,Grvl,IR3,9,2,1991,2004,1789,680,1,0,1,1,3,1,1,690,4,2016
270552,20,RM,100,3988,Pave,IR2,1,3,1981,1961,1332,2537,2,0,1,2,11,0,2,636,4,2014
150235,70,RL,49,17441,Pave,IR2,4,9,1981,1960,1517,1469,2,0,4,1,6,2,3,396,10,2013
124740,60,RH,28,13737,Pave,IR2,2,9,1991,2021,1796,2030,2,1,5,2,5,0,2,824,8,2014
428496,30,RM,83,16256,Grvl,Reg,4,2,1981,1981,738,1669,1,1,1,1,8,1,1,822,8,2019
378761,20,RM,52,9162,Grvl,IR3,8,3,1975,2006,1860,1198,0,1,1,1,3,1,2,849,10,2019
275913,120,RM,71,15065,Grvl,Reg,8,4,1950,1987,1759,2234,1,0,2,1,7,2,2,874,6,2015
329040,30,RH,108,16114,Pave,IR3,9,9,2005,2009,1063,1406,2,0,5,2,9,0,2,923,8,2021
442942,30,FV,33,10399,Grvl,IR1,5,3,1951,1968,1915,2534,0,0,5,2,4,2,1,869,9,2019
227247,20,RH,94,7633,Pave,IR1,7,7,1979,2005,439,1676,1,0,1,1,11,2,0,744,5,2015
188877,30,RL,72,7755,Grvl,IR1,3,3,2020,1963,1782,1303,1,0,5,1,8,0,2,939,1,2010
55237,120,RL,118,12825,Pave,IR3,4,7,2001,1982,973,2663,2,1,2,1,4,2,3,658,1,2011
70056,30,RH,78,6117,Pave,IR2,9,7,1958,1959,1677,1086,1,0,2,2,10,0,1,941,2,2012
226615,120,RH,97,3518,Pave,IR2,1,9,1971,2013,1365,1305,0,1,2,2,10,0,3,110,2,2013
237628,20,RM,113,18346,Grvl,Reg,2,2,1983,2013,980,2125,2,1,4,1,3,1,2,874,5,2015
164548,60,RH,60,4600,Pave,Reg,5,6,1998,2011,1821,1764,2,1,1,2,3,2,1,357,7,2021
423632,30,RM,87,15237,Grvl,IR1,3,9,1950,2017,569,1219,0,1,5,2,3,1,2,237,7,2021
184415,60,RL,87,5554,Grvl,Reg,2,2,2022,1992,1100,1376,2,1,2,2,6,2,3,2,4,2020
456716,120,RM,111,18193,Grvl,IR3,1,2,2002,2008,910,1046,1,0,1,2,6,2,1,722,4,2022
496438,30,RH,27,17253,Grvl,IR3,3,5,1989,2001,1683,2937,1,0,1,1,10,1,0,403,11,2018
79375,70,RL,21,18194,Grvl,Reg,1,8,1994,1968,983,808,2,0,4,1,3,1,0,24,10,2021
190734,60,FV,105,3742,Pave,Reg,1,9,2017,1970,1383,2098,0,1,5,2,5,1,0,842,3,2011
66964,30,RM,60,3306,Grvl,Reg,1,2,1958,1971,858,2050,1,1,5,2,3,0,2,508,11,2017
163429,60,RL,74,5849,Grvl,Reg,8,5,1971,1958,928,2477,0,1,2,2,11,2,1,695,2,2018
302764,30,RM,35,14360,Grvl,IR1,3,7,1967,1958,740,2937,1,1,2,1,11,0,3,464,3,2011
240710,20,RL,112,14768,Grvl,IR1,1,6,1992,2022,456,1891,1,1,1,1,9,2,3,60,8,2018
266139,60,RL,81,15032,Grvl,Reg,7,6,1988,1976,617,2798,2,1,5,2,10,2,2,507,1,2016
117215,70,RM,67,6195,Pave,IR3,3,7,2022,1966,1018,2342,2,0,5,2,3,0,2,122,4,2018
381186,70,FV,49,9619,Pave,IR1,8,3,1955,1993,1215,1878,0,1,2,2,7,0,3,496,7,2015
194356,120,RL,31,11280,Grvl,IR3,4,3,1997,1994,1130,2000,2,1,3,2,4,2,1,54,5,2011
253861,30,RL,54,4642,Pave,IR2,4,9,1956,1957,863,2276,1,0,1,1,3,1,2,162,2,2017
405612,60,RL,30,11369,Pave,IR3,5,8,2018,1967,646,1454,1,1,5,1,5,1,1,973,1,2019
59435,120,FV,83,16296,Grvl,Reg,6,5,1965,1982,1129,1981,0,0,4,1,9,1,3,698,6,2018
497556,60,FV,69,17438,Pave,IR2,7,6,1950,1950,772,1304,0,0,4,1,3,1,1,38,5,2021
225150,30,RH,104,17674,Grvl,IR1,4,1,1986,1955,816,1425,1,0,3,1,4,2,0,696,3,2017
390976,70,RM,40,6757,Pave,IR1,8,1,1986,1990,1454,1604,2,1,2,1,4,1,3,82,11,2011
101293,20,FV,88,4994,Pave,IR2,6,4,2013,2004,767,976,2,0,2,2,6,1,0,706,11,2017
128781,70,RM,67,17226,Pave,IR3,1,2,2011,1954,958,1572,0,0,2,2,5,1,3,545,11,2012
241475,120,RH,39,3271,Grvl,IR1,1,7,2021,2008,507,717,0,1,4,1,5,2,0,112,9,2012
210196,20,RM,86,3813,Pave,Reg,9,2,2010,1967,983,1043,1,0,2,1,7,0,1,424,3,2018
276507,120,FV,63,10475,Pave,IR2,6,2,1982,1998,1238,1354,1,1,4,1,5,1,3,917,2,2022
356063,30,RM,52,6396,Grvl,Reg,8,5,2015,2014,817,1239,0,1,3,2,9,2,3,229,5,2018
289833,20,FV,92,11283,Grvl,IR2,7,4,1979,2003,1220,2771,1,0,1,2,7,2,0,282,9,2018
302377,120,RM,80,15318,Pave,IR1,6,8,1969,2010,1821,1900,0,1,5,2,6,1,1,916,8,2013
216319,30,FV,28,19200,Grvl,IR3,4,4,2009,1957,1695,1222,0,1,3,2,5,0,3,936,6,2021
171172,70,FV,87,2082,Pave,IR2,7,6,1973,1952,1082,2092,2,0,4,1,6,0,2,286,3,2016
406902,30,RM,54,3920,Pave,IR2,9,5,1953,1974,1539,2608,0,0,3,2,4,0,0,154,6,2022
368717,60,RH,100,9817,Grvl,Reg,7,2,1986,2018,655,2251,1,0,5,1,3,2,3,164,5,2017
109101,30,RL,117,13683,Grvl,IR1,1,8,1953,2004,1504,2323,2,0,1,2,5,1,1,961,1,2022
338790,30,RH,107,13336,Grvl,Reg,9,2,1967,1989,1179,2519,2,1,5,2,4,1,1,181,5,2022
416329,60,RM,115,17596,Pave,IR1,4,9,2015,1999,1551,1518,1,0,4,2,3,2,1,238,7,2014
73049,120,RH,84,4093,Grvl,Reg,3,9,1997,1982,1237,1773,1,0,5,2,3,1,1,648,9,2022
260677,120,FV,27,14905,Pave,IR2,4,3,1982,1967,1314,1785,1,0,3,1,4,1,0,338,12,2010
410260,30,RL,64,10367,Grvl,Reg,4,4,2007,2006,634,719,0,1,2,1,11,0,3,937,1,2018
409523,60,RM,106,7285,Pave,IR3,2,8,2022,1965,952,1181,2,1,3,1,7,1,0,511,3,2015
118385,60,RM,66,12896,Grvl,IR1,1,9,1977,1987,580,2547,0,1,4,1,11,1,0,931,8,2012
176131,70,RM,59,6937,Pave,IR1,1,3,1984,1990,556,2746,0,1,1,1,10,2,1,265,6,2012
483374,120,RL,95,18753,Grvl,IR2,8,5,1959,1956,1877,1790,0,1,5,1,8,2,2,186,5,2019
246489,20,FV,73,14977,Pave,IR1,2,8,2014,2002,970,2286,0,0,1,1,3,0,1,39,10,2010
73289,120,RM,95,9674,Grvl,IR3,5,3,1991,2012,1256,2599,2,1,4,2,7,2,2,821,2,2022
422370,120,RH,65,19748,Grvl,Reg,4,7,1958,1981,1447,1000,2,1,5,1,3,0,0,492,3,2017
412937,70,RM,66,5676,Pave,IR2,8,8,2009,1987,1896,1949,0,1,3,2,9,0,1,678,12,2011
321967,20,RM,34,4426,Grvl,IR3,2,3,1964,1971,1823,2256,1,0,3,1,10,1,1,390,2,2021
241232,70,RM,38,4962,Pave,IR1,9,2,2006,1965,1347,1220,2,0,4,2,10,0,0,259,1,2010
354119,20,RM,45,2859,Pave,IR1,7,7,2018,2001,991,846,0,1,5,1,9,1,1,654,7,2016
59540,30,FV,71,14048,Grvl,IR3,7,9,1971,1978,533,1716,1,0,3,2,4,0,3,715,3,2020
66364,20,RH,112,6138,Pave,Reg,1,1,2013,1965,820,1223,1,1,4,1,7,2,2,175,7,2018
447827,70,FV,41,4424,Grvl,Reg,2,3,1990,1966,612,2968,0,0,4,1,6,2,2,773,12,2015
77663,120,RH,40,12409,Grvl,IR2,4,5,2020,2013,1299,2439,2,0,1,1,7,2,2,763,7,2017
101991,20,RM,70,6017,Pave,IR1,4,3,2005,1962,881,2709,1,1,3,1,11,0,1,328,8,2017
238751,20,RL,57,12451,Grvl,IR3,3,1,1972,2021,747,899,2,0,5,2,6,0,3,930,1,2018
416326,60,FV,39,12278,Pave,Reg,7,7,1974,2005,565,1002,2,1,3,1,10,1,1,199,5,2016
212049,120,RL,48,12996,Pave,IR2,8,7,1955,1954,1336,2271,1,1,3,1,10,1,2,710,10,2018
144704,30,FV,70,3134,Grvl,IR1,2,8,1983,1961,747,852,0,1,3,2,4,1,1,195,9,2018
99115,70,RM,23,7119,Grvl,IR1,4,5,2012,1990,1248,2357,1,0,4,1,8,1,2,825,12,2021
403151,30,FV,74,7694,Pave,IR2,3,5,1958,1952,797,1992,1,0,2,2,7,0,0,588,11,2020
269295,120,RM,90,6164,Pave,IR2,2,5,2009,1982,982,2564,2,1,2,2,4,0,2,530,7,2010
241962,20,FV,111,7039,Grvl,Reg,6,1,1998,1999,1125,759,0,1,1,1,6,1,0,61,1,2015
247459,20,RM,47,16631,Grvl,IR3,4,5,2000,2005,1858,804,2,0,3,1,9,0,0,326,8,2021
199143,120,RM,23,12442,Grvl,IR1,6,6,2009,1958,1644,1761,1,1,2,2,3,0,0,905,3,2017
240347,20,RH,41,10252,Grvl,IR3,2,1,2019,1999,707,1991,0,0,1,1,11,0,2,280,4,2019
61938,20,RM,95,19721,Pave,IR1,4,7,1986,1978,1390,1457,0,0,4,2,3,0,3,939,4,2018
478411,20,RH,64,19568,Grvl,IR1,6,1,1980,1988,1197,1359,0,0,3,1,7,1,2,761,10,2013
403824,70,RM,86,3551,Pave,IR3,5,2,1990,1994,1118,2190,0,1,5,1,9,1,1,226,12,2022
54000,70,RL,105,14625,Pave,IR2,3,2,2011,1966,865,2715,0,1,4,2,10,0,1,638,8,2011
251660,60,RM,85,3629,Grvl,Reg,8,5,2007,2005,498,732,1,0,1,1,4,2,3,57,1,2020
413186,30,RL,107,19910,Pave,IR1,7,7,1963,1995,1665,2323,1,1,4,1,6,1,3,920,8,2018
405754,120,RL,53,3361,Grvl,IR2,3,1,1985,2016,557,1029,1,1,5,1,4,1,3,476,9,2018
301492,120,RM,110,6370,Pave,IR1,6,1,1985,2018,1009,2955,2,0,4,2,6,2,0,375,9,2021
415835,120,RL,74,7283,Grvl,Reg,4,1,1957,1963,953,1797,0,0,1,1,8,1,3,715,5,2017
88304,60,RH,20,9610,Pave,IR1,5,6,1975,2016,1050,696,0,1,5,2,8,2,3,242,4,2012
381593,70,FV,91,12558,Pave,Reg,5,2,1985,1972,1319,2306,1,0,5,1,4,2,3,366,4,2014
132986,60,RM,106,16924,Grvl,Reg,7,1,1997,2010,626,1777,0,1,4,2,6,0,2,935,9,2011
201836,120,RL,57,16839,Grvl,IR1,5,6,1977,1972,822,2318,2,0,5,1,6,1,1,843,8,2012
158940,30,RM,25,13949,Pave,IR1,3,2,2017,1976,1495,1865,0,0,4,1,3,2,1,499,10,2010
350638,20,RH,105,12626,Pave,Reg,5,6,2011,2003,642,1927,0,1,3,2,4,0,3,837,10,2013
315517,70,RM,44,3993,Grvl,IR2,7,8,2000,1959,929,1908,2,1,5,1,5,1,1,251,12,2014
193233,70,RM,101,2869,Pave,IR3,5,2,1991,1965,1468,1650,1,1,4,2,7,0,2,905,7,2021
147532,60,RL,36,3014,Grvl,Reg,5,9,1978,1990,1895,1983,1,1,3,1,10,0,1,321,12,2011
404802,70,RH,80,12103,Pave,IR1,9,8,1959,2004,770,2849,0,1,5,2,8,2,0,375,3,2012
435777,120,FV,31,18986,Grvl,IR1,3,1,1988,2010,1051,1180,2,0,3,1,5,1,2,408,4,2021
150386,120,FV,25,14013,Pave,IR2,6,7,1950,1998,1088,1132,1,0,5,2,8,0,1,710,9,2015
77350,60,RL,109,2690,Grvl,IR3,1,6,1988,2022,1133,1775,1,1,1,1,9,2,1,487,8,2015
143008,120,RM,46,18873,Grvl,Reg,5,6,1970,2001,491,1725,1,0,1,2,8,2,2,342,12,2016
406441,30,RL,27,12748,Pave,Reg,8,6,2014,1951,1445,1498,0,1,4,2,8,0,1,239,12,2021
75351,60,RL,102,10024,Grvl,IR3,5,6,1964,1999,571,2069,2,0,2,1,3,0,1,138,1,2018
138668,30,RL,84,18678,Pave,Reg,9,7,1953,1992,1615,1852,0,0,1,2,5,2,3,121,3,2013
164585,20,RM,76,7488,Grvl,IR3,6,3,2009,1957,1500,1369,1,1,2,2,9,0,0,419,12,2014
458521,30,RH,112,13035,Grvl,IR1,8,6,2010,2008,1704,1433,2,1,3,1,6,0,2,560,10,2020
387497,20,RL,118,14855,Grvl,IR3,8,3,1969,2014,1787,2504,0,1,3,1,6,1,3,303,2,2011
257869,20,RM,59,4817,Pave,Reg,3,7,1959,1961,578,2883,1,0,2,1,9,2,1,114,2,2015
115953,30,RH,33,6458,Grvl,IR3,7,7,1983,1953,637,2809,1,1,4,1,11,0,2,342,8,2013
369602,60,RL,54,7307,Pave,IR2,7,8,1997,1990,1558,1153,0,1,5,1,4,2,2,250,6,2014
332502,120,FV,67,10933,Grvl,IR1,6,2,1982,1956,1276,1691,1,1,2,1,11,1,0,6,12,2016
53267,120,RH,103,19063,Pave,IR1,7,9,2010,2018,1301,1796,1,1,2,2,5,2,0,730,12,2015
132745,20,RL,75,12659,Pave,IR3,2,5,1959,2018,679,2260,2,1,2,2,8,2,2,588,12,2017
401732,20,RH,68,7738,Pave,Reg,9,9,2003,1979,1442,1158,1,1,2,2,6,2,0,178,6,2015
350657,60,RH,32,7668,Grvl,IR2,1,5,2014,2022,1139,860,0,0,2,1,3,1,0,144,4,2019
207164,70,RH,80,16427,Pave,IR1,1,7,1950,1955,770,2864,2,0,4,1,11,1,1,415,1,2017
61338,30,RH,68,9697,Grvl,IR1,3,9,1954,1968,1535,2440,0,0,1,2,8,2,0,665,11,2022
181484,20,RH,65,18446,Pave,Reg,3,4,1964,2015,1269,1747,1,0,5,2,10,2,0,120,7,2013
57543,120,RH,81,9829,Pave,Reg,1,2,1977,1959,1418,1404,2,1,1,1,4,1,3,123,8,2021
418035,60,RL,27,12751,Pave,IR2,7,9,1972,1965,620,1785,2,1,2,2,9,0,1,149,2,2016
476712,30,FV,62,15450,Pave,IR3,4,2,1966,1986,1319,2848,2,0,1,1,8,1,1,396,2,2012
110692,60,RM,39,9352,Grvl,Reg,2,3,1962,1981,703,874,2,0,4,1,4,2,2,380,1,2010
270156,30,RH,116,15516,Pave,IR3,5,2,1963,1996,1748,805,0,0,3,2,4,0,0,779,4,2022
273992,30,RM,109,10326,Pave,IR2,6,3,1960,2021,1860,2323,1,1,1,1,6,0,3,838,6,2018
356569,20,RL,58,5644,Grvl,IR3,9,6,1977,1992,837,1466,1,1,5,1,6,0,3,0,5,2018
88756,60,RH,104,10003,Pave,IR1,4,3,1991,1985,1593,692,2,1,4,1,5,1,1,672,4,2015
68888,60,FV,68,5278,Pave,IR3,2,8,2010,1975,774,1665,1,0,3,1,10,1,0,243,4,2011
216807,120,RM,83,9296,Pave,IR2,5,6,2013,1959,1980,1951,0,0,4,2,9,1,3,886,10,2017
359439,120,RH,81,5074,Pave,IR2,3,7,1980,1980,780,2712,1,0,2,1,4,1,2,397,7,2019
164352,20,RL,73,15261,Grvl,IR2,2,1,2022,1978,1385,964,0,0,3,1,5,2,0,250,7,2015
395186,20,FV,28,13173,Grvl,IR3,1,3,1959,1954,413,1420,0,0,5,2,11,0,0,878,2,2016
135999,70,RM,107,10312,Pave,IR1,2,3,1957,1950,1142,2107,1,1,3,1,7,2,0,575,7,2022
67955,120,RM,56,3637,Grvl,Reg,6,2,1970,1952,1068,2629,0,1,5,1,4,1,3,298,2,2010
349985,30,RH,68,15652,Grvl,IR1,8,7,2008,2016,899,2524,0,1,2,2,5,1,1,759,4,2012
120640,60,FV,60,7103,Pave,IR3,3,9,1999,2020,1814,1685,0,1,5,2,10,2,1,953,1,2010
246582,20,FV,36,19028,Grvl,IR3,9,4,2018,1984,1972,1896,0,1,4,1,6,0,2,296,5,2019
478127,60,FV,107,4032,Pave,Reg,9,5,2019,1964,964,2876,2,0,1,1,4,0,3,976,1,2010
269798,60,FV,40,4761,Grvl,IR3,2,3,1979,2016,929,1643,1,1,4,2,4,1,0,963,4,2021
450573,70,RL,70,17195,Grvl,IR2,8,9,1966,1979,891,602,2,0,4,1,8,1,2,499,9,2021
475695,120,FV,78,18625,Grvl,IR2,5,4,1969,1992,1973,2353,0,1,3,1,10,1,2,114,12,2020
111476,20,RM,58,4668,Pave,IR2,4,5,1997,2009,1808,1510,1,0,2,1,9,1,1,806,8,2022
356955,60,RM,74,16638,Grvl,IR2,5,1,2022,1989,1619,906,0,0,1,2,6,0,0,0,6,2010
217280,20,RL,60,17954,Pave,IR2,4,2,1951,2014,1154,735,1,0,5,1,4,2,0,552,8,2013
201222,30,RM,58,19186,Pave,IR3,8,9,1986,1978,699,2532,2,0,3,2,11,0,3,684,5,2022
121180,70,RM,32,14356,Grvl,Reg,4,2,1950,1968,1214,2840,1,0,2,2,6,2,3,599,7,2016
224358,30,FV,83,2195,Pave,Reg,6,5,1953,1952,946,2208,0,0,1,2,11,1,3,481,8,2016
162856,20,RM,30,4187,Grvl,IR2,2,8,2003,1985,1126,2038,1,1,4,2,7,1,2,609,7,2021
380594,20,RL,38,13707,Pave,IR3,5,3,1974,1992,1130,1472,1,0,2,1,9,2,0,599,4,2022
464568,120,FV,30,4330,Pave,IR1,6,6,1952,1964,1227,1741,2,0,2,2,7,1,1,762,5,2014
236141,60,RH,96,5606,Grvl,IR1,5,4,1958,1990,1001,1265,0,1,2,1,4,0,2,509,10,2021
424032,60,FV,65,2060,Grvl,IR3,2,7,1983,1985,1731,808,1,0,4,2,8,1,2,334,6,2015
160448,30,RL,64,16387,Grvl,IR2,7,3,1992,1982,1675,1551,2,1,5,2,9,1,1,464,12,2011
64397,70,FV,20,5927,Grvl,Reg,4,6,1971,1954,1431,1657,1,1,3,1,8,1,1,140,11,2014
484771,60,FV,59,8296,Pave,IR3,8,9,2019,1963,1167,1248,0,0,5,2,5,1,3,582,6,2016
228031,120,RL,38,15622,Pave,IR1,7,1,1951,2017,1274,1941,1,0,1,2,10,0,1,136,9,2018
443944,30,FV,95,16125,Pave,IR1,7,3,2015,1996,1631,2767,1,1,3,1,5,2,1,958,10,2015
493733,30,RL,91,4591,Grvl,IR1,9,2,1981,2003,1336,1226,1,0,1,2,7,1,1,610,2,2021
169180,120,RL,91,14127,Pave,IR2,1,8,1965,1953,530,1124,1,1,4,2,11,1,1,662,6,2019
116234,70,RH,80,17748,Grvl,IR1,6,7,1950,1958,1007,2204,0,0,5,2,7,0,3,949,3,2013
89954,120,RM,31,8121,Pave,IR3,6,2,2021,2002,425,2468,2,1,2,1,9,0,2,686,2,2012
228352,70,RM,80,3200,Grvl,IR3,6,6,1997,2009,1877,1368,2,0,3,2,9,0,0,166,6,2018
129459,120,FV,52,17721,Pave,IR1,6,3,1999,1995,1034,2694,1,0,2,1,7,1,0,342,4,2016
459995,120,FV,64,13087,Pave,IR3,7,8,1962,2003,1609,1371,0,1,1,1,4,2,2,409,5,2020
245004,20,RH,109,8972,Grvl,IR1,6,3,1964,1986,883,1339,0,1,2,1,7,0,0,768,5,2022
467682,30,RH,111,2136,Pave,IR1,1,9,2002,1972,1079,1121,0,1,2,2,9,0,0,909,3,2015
480155,120,RH,88,19413,Grvl,Reg,3,1,1993,1976,1474,2000,0,1,4,2,9,0,2,735,12,2016
250968,120,RL,27,17346,Pave,IR2,2,5,1957,2019,404,2781,0,0,4,2,6,2,0,879,4,2017
478486,60,RH,44,2661,Pave,IR2,6,3,1995,2015,988,847,0,1,5,2,3,1,0,841,3,2014
109163,30,RH,110,4472,Grvl,Reg,8,6,2018,2010,1583,1941,1,1,1,1,8,1,2,64,7,2012
101934,60,FV,65,2086,Grvl,Reg,3,2,1968,2000,607,2458,2,0,4,1,5,1,0,580,1,2012
245967,30,RH,106,12704,Pave,IR2,8,9,1987,1999,656,1285,2,0,4,2,7,0,1,66,6,2022
475523,60,RL,49,8219,Pave,IR1,8,6,1960,1968,1628,1185,1,1,5,2,6,1,2,432,4,2011
366242,120,RL,66,18322,Pave,IR1,5,7,1992,1950,410,2998,2,0,3,1,4,0,3,49,1,2017
55486,120,FV,106,16749,Pave,IR2,8,5,1969,1989,1348,742,0,1,5,2,9,2,0,313,1,2010
189407,20,RH,68,8968,Pave,IR1,6,9,1969,1981,407,1566,0,0,2,2,7,2,3,308,5,2021
399044,60,RH,66,15596,Pave,Reg,5,1,1970,1971,1832,1317,2,1,2,2,9,1,0,602,5,2017
176020,70,RL,103,3700,Grvl,IR1,9,5,2006,2015,1335,1242,0,0,4,2,11,0,1,114,10,2012
152795,20,RH,101,4700,Grvl,IR1,7,6,1999,1989,431,969,0,1,4,2,6,0,2,885,7,2018
270184,60,RH,37,13821,Grvl,IR3,8,7,1975,1987,939,1709,2,1,5,2,7,1,3,568,12,2021
192202,60,RH,85,7520,Pave,IR3,1,4,1979,1997,1404,1386,1,0,5,1,11,2,2,341,4,2021
399652,20,RM,87,13510,Pave,IR3,2,1,2022,2004,786,2083,2,0,1,1,6,2,3,529,9,2020
287027,120,FV,113,5687,Pave,IR1,8,8,1980,2004,1651,1549,2,1,2,1,7,2,0,783,4,2011
168324,60,RM,52,18980,Grvl,IR2,9,4,1991,2000,1039,1948,2,1,5,1,7,2,1,641,7,2019
372710,120,FV,55,10837,Grvl,Reg,4,3,2017,2009,1898,1121,2,0,3,2,10,2,3,494,5,2018
247775,20,RL,101,16955,Pave,IR1,9,7,2010,1957,606,2552,1,0,1,2,6,1,3,268,5,2015
339336,120,RH,38,13281,Pave,IR2,4,2,2010,2017,1741,954,1,0,5,1,6,1,1,940,6,2010
313206,30,FV,47,15917,Grvl,IR1,9,8,2019,2021,956,1546,0,0,4,1,9,1,1,79,8,2014
134076,70,RM,59,6757,Grvl,Reg,7,6,2017,1958,747,2935,0,0,5,1,7,2,1,455,5,2019
139780,60,RH,103,15045,Grvl,IR1,2,7,1966,1951,1192,2082,2,0,4,1,8,2,1,298,3,2018
202617,70,RL,116,10912,Pave,Reg,9,5,1968,2019,633,2247,0,0,4,1,8,1,1,967,6,2022
71689,120,FV,95,6733,Pave,IR1,4,9,2000,2008,1467,1135,1,0,2,2,8,1,2,821,12,2015
323318,60,FV,34,9081,Pave,Reg,8,5,2019,1968,1405,1914,0,0,2,2,7,2,0,201,2,2016
400605,120,FV,60,10690,Grvl,IR1,7,5,2012,1977,1136,2815,0,1,5,1,7,0,0,502,12,2013
438318,30,RH,58,3673,Grvl,Reg,7,3,1979,2021,1341,1549,0,0,5,1,11,1,3,736,12,2010
415177,20,RM,21,16318,Pave,IR3,8,1,1974,1963,1565,1220,2,0,3,2,10,2,1,670,8,2014
59348,60,RM,82,13171,Pave,IR1,1,2,2020,1973,575,1027,0,1,1,2,6,2,2,715,8,2011
466930,30,FV,48,15545,Grvl,IR1,5,8,1975,1993,848,2325,1,1,1,2,9,1,2,648,3,2017
88102,30,RL,93,13803,Pave,IR2,2,1,2005,2005,991,2843,1,1,5,1,10,0,3,484,12,2013
124460,60,RL,85,4294,Grvl,IR2,2,7,1971,2000,481,1144,1,1,2,2,11,2,1,584,8,2010
414778,120,RM,70,5630,Grvl,Reg,1,5,1968,1981,534,1423,1,1,3,1,7,1,0,559,9,2019
139930,30,RL,94,17093,Pave,IR1,5,3,1980,1999,1255,1602,0,1,1,1,5,2,1,17,5,2016
56801,70,RM,96,18530,Grvl,Reg,2,7,1975,1990,1600,1258,2,0,5,2,6,2,2,477,5,2021
153150,30,FV,29,16453,Pave,IR3,4,9,1991,2015,1806,2658,1,1,2,2,8,2,1,991,6,2020
253339,120,RM,33,14174,Grvl,IR2,3,2,1990,1974,1666,1330,1,1,2,2,7,2,0,487,7,2011
229208,120,RM,101,5453,Grvl,Reg,3,8,1972,2010,1990,2432,2,1,2,1,11,0,0,982,3,2012
204697,70,FV,70,6507,Pave,Reg,2,9,1996,2015,1564,1008,2,0,4,2,5,1,3,778,5,2018
263945,30,RL,92,12602,Grvl,IR2,6,3,1962,1991,1880,683,1,1,2,2,4,1,2,445,1,2022
281915,120,RM,58,7628,Pave,IR1,2,2,2015,2014,839,2803,1,0,5,1,8,1,1,339,11,2018
253664,60,RM,47,10328,Pave,Reg,8,7,2015,1985,1479,1306,2,1,3,2,9,1,1,530,10,2011
258124,20,FV,22,17534,Grvl,IR2,8,5,1965,1958,1950,2561,1,1,5,2,7,1,3,611,5,2012
487477,20,RL,103,5552,Pave,IR1,5,5,2022,1985,1096,2047,1,0,2,1,3,0,3,115,4,2020
51542,20,RM,89,18402,Pave,IR3,7,5,1977,1987,818,733,0,0,3,1,5,2,3,857,1,2021
333821,30,FV,46,4242,Pave,IR2,4,4,1984,1982,487,1387,2,1,1,1,5,2,2,73,7,2018
227804,70,RM,21,16665,Pave,Reg,1,5,1990,1991,1055,1463,0,0,1,1,6,1,1,791,1,2010
231415,120,RH,112,7097,Pave,IR3,2,4,1980,2010,1431,1266,0,0,5,1,8,2,3,268,8,2011
89081,60,FV,57,10640,Pave,IR1,4,6,1981,1995,1900,876,2,1,3,2,7,2,2,636,10,2020
243928,60,RL,22,3948,Grvl,IR1,1,4,2003,2010,614,2375,0,1,5,2,3,2,1,115,12,2011
405249,30,RL,35,7618,Pave,IR2,8,2,2021,1967,951,1481,1,1,3,1,8,1,0,685,2,2019
269930,20,RL,113,6236,Grvl,IR2,9,9,2008,2019,1920,2660,0,0,3,2,11,1,3,692,10,2012
331209,30,RL,59,3920,Grvl,IR2,4,2,1990,1964,902,2989,2,1,5,2,3,0,2,737,12,2019
264532,70,RM,21,13169,Pave,IR1,3,9,2015,1997,1098,2682,1,1,3,1,10,1,1,668,5,2012
138092,70,RM,100,6188,Grvl,IR3,2,6,2003,2021,644,1837,1,0,2,1,10,0,1,163,6,2019
366837,120,RL,60,14207,Grvl,IR1,5,9,1989,1962,1901,758,1,0,3,1,5,1,3,582,9,2022
339106,120,RL,31,2238,Pave,Reg,3,9,1977,1992,708,1733,1,1,3,2,11,2,3,221,7,2011
78295,70,RL,54,2204,Pave,IR1,7,3,1986,2009,630,2451,0,0,5,1,10,0,1,125,6,2017
63807,70,RM,84,12799,Pave,Reg,6,1,2014,2006,1806,878,0,1,1,2,5,0,2,656,5,2017
485564,70,RL,74,7552,Grvl,IR3,1,1,2004,2020,554,710,1,0,4,2,7,0,0,175,6,2017
207504,30,RL,64,6927,Grvl,IR2,8,3,1953,1966,1598,1141,2,1,3,2,5,1,1,972,11,2011
288067,70,RH,98,13164,Pave,IR2,2,5,1959,1999,1247,1738,1,0,4,2,7,0,2,663,4,2022
483478,60,RH,109,6390,Pave,IR1,5,3,1996,1981,514,959,0,0,3,1,11,1,3,693,1,2018
218152,20,RL,104,17641,Grvl,IR2,9,9,1963,1971,1813,1838,1,0,5,2,6,0,1,374,12,2020
444540,70,FV,81,8160,Grvl,IR3,8,9,1987,2004,710,2356,0,0,5,1,8,1,3,990,9,2016
403411,20,RL,68,17810,Grvl,IR2,2,3,1961,2006,1392,1554,1,1,3,2,5,0,0,858,11,2021
216981,30,RH,114,7126,Grvl,IR1,9,3,1994,1962,699,2906,2,0,5,1,5,2,3,497,5,2014
270411,20,FV,44,2816,Pave,IR3,5,5,1966,1996,1441,2767,1,1,5,1,7,2,0,84,8,2016
69870,30,FV,42,15414,Grvl,Reg,6,2,1984,2011,1183,1575,2,0,3,1,10,0,3,875,7,2017
477794,60,RL,43,2192,Grvl,IR1,3,6,2015,2003,411,1512,2,0,1,2,10,1,3,382,8,2018
253196,30,RH,57,5645,Grvl,Reg,3,7,1990,1978,1827,1751,1,1,3,2,5,1,0,632,1,2011
298683,30,RH,47,14816,Grvl,IR3,8,9,2016,1971,631,1322,2,0,1,2,10,1,3,640,9,2015
284677,120,FV,40,8314,Pave,IR1,2,6,1978,2014,1354,2311,2,0,5,1,10,2,2,462,1,2018
76790,70,RL,73,9374,Pave,IR1,2,3,1967,1978,1129,924,0,1,1,2,5,2,3,450,3,2022
168874,70,RM,37,5700,Grvl,IR3,5,5,1969,1997,1701,2129,0,0,5,2,4,2,1,517,8,2015
337433,60,RM,55,12655,Grvl,IR2,6,4,1963,1954,1776,2149,2,1,1,2,4,1,3,845,12,2011
498345,60,RH,118,17129,Pave,IR1,2,5,1983,1984,1417,1673,1,0,1,1,11,1,2,694,11,2010
274786,70,RM,64,11359,Pave,IR1,5,8,1998,2020,1398,2545,2,0,3,2,9,1,1,549,1,2021
65485,120,RH,92,5893,Grvl,Reg,7,8,2003,1995,702,2207,1,0,1,2,8,0,2,928,1,2012
356626,70,RH,72,8811,Grvl,IR2,8,6,1980,1984,940,2716,0,1,5,1,9,0,1,115,6,2020
136188,120,RH,49,11288,Pave,Reg,7,1,2007,1994,869,990,1,0,3,1,10,0,3,613,5,2014
54748,60,RM,79,2504,Pave,Reg,8,8,1991,1962,1212,615,2,0,1,1,3,2,2,7,11,2016
267841,20,RH,117,11813,Pave,IR2,9,8,2007,1959,476,1445,2,0,3,1,10,2,3,217,6,2019
190507,60,FV,51,16671,Pave,IR2,5,2,1979,2015,1419,1468,2,0,4,1,5,1,1,718,3,2019
315853,60,RL,86,12738,Pave,IR3,5,4,1974,2019,1944,1167,2,0,3,1,5,0,2,589,10,2012
173961,30,RL,86,13186,Pave,IR2,4,2,2012,2021,423,2779,2,0,4,2,8,1,0,879,12,2018
80355,30,RH,47,8773,Grvl,IR1,9,4,1968,1974,1438,2619,1,0,4,2,6,0,2,403,10,2019
236843,30,RL,63,5816,Pave,IR2,5,7,2021,1993,1075,2920,2,0,3,1,6,0,3,566,6,2021
456332,30,RM,98,2717,Pave,IR3,2,9,1957,2009,924,2246,0,0,5,2,6,1,0,303,2,2013
206542,120,RM,60,13676,Pave,IR3,8,8,1952,1996,746,956,2,1,5,1,11,1,0,466,8,2019
223416,70,RL,82,6434,Pave,IR3,7,9,2016,1989,571,2256,1,0,5,2,10,0,1,951,12,2011
355062,20,RM,42,19042,Grvl,IR2,8,8,1966,1956,1750,2880,2,1,2,1,5,0,0,992,6,2012
364368,60,RL,94,7057,Grvl,IR2,3,2,1963,1995,1111,635,2,1,4,1,3,2,0,739,4,2014
89298,120,RL,67,6994,Pave,Reg,4,7,1958,1972,1908,1627,1,1,3,2,3,1,1,87,4,2012
392363,20,RL,51,6234,Grvl,Reg,5,2,2011,1995,888,2691,2,0,5,2,3,1,2,9,11,2014
111629,120,RH,76,5764,Grvl,IR1,6,2,1970,1962,1885,713,1,1,5,2,6,1,3,307,7,2013
378184,120,RL,119,13181,Grvl,Reg,1,4,1986,1970,777,2372,2,1,3,2,8,1,2,433,3,2022
280907,60,RH,52,6637,Grvl,IR1,4,1,1960,1950,1587,1797,0,1,4,2,6,0,0,801,11,2020
340160,70,RL,43,4104,Grvl,IR3,5,5,1969,1968,771,1878,2,0,3,2,5,2,3,163,3,2019
73960,30,RL,58,11447,Grvl,Reg,7,6,1984,2009,1996,1065,1,1,2,2,10,1,2,238,6,2022
345735,70,RL,53,12674,Pave,IR2,5,9,2002,1982,1399,2087,0,0,2,2,10,0,3,316,9,2012
263920,60,RM,75,10385,Pave,Reg,1,8,1996,1953,1376,1446,1,1,3,1,8,0,0,995,1,2021
415477,60,RH,47,13999,Pave,IR1,7,2,2001,1952,1847,1101,2,1,4,2,11,0,2,655,5,2015
292804,60,RH,56,5719,Pave,Reg,8,1,1957,2001,1156,1040,0,0,5,2,3,0,3,334,1,2017
426965,20,RL,26,4581,Pave,IR3,7,2,1953,1977,876,2716,1,0,2,1,10,0,3,17,1,2022
348539,70,RL,87,4763,Grvl,IR2,4,7,1976,2019,781,925,0,1,2,1,8,1,2,70,3,2021
179695,70,RM,56,7991,Pave,IR1,8,4,1993,2019,554,2365,0,1,4,1,3,1,2,174,3,2013
465916,120,RM,75,12531,Pave,IR2,5,5,1989,2004,656,666,1,1,2,1,6,2,0,853,4,2018
346764,120,RM,84,13064,Grvl,IR2,9,7,1996,2006,1073,903,0,0,2,2,7,1,1,799,3,2015
284286,120,RH,84,13312,Grvl,IR1,5,3,1993,1965,467,1571,1,0,4,2,9,0,3,810,6,2014
178148,60,RH,66,6780,Pave,IR2,1,2,1997,1973,743,1083,0,1,3,1,10,2,2,338,12,2012
332703,70,RH,39,6177,Grvl,IR2,9,7,2001,2018,1700,1528,0,1,5,1,11,0,2,935,4,2014
405540,60,RL,38,17169,Grvl,Reg,5,5,2017,1990,1072,2040,0,0,5,2,8,0,2,247,8,2014
242714,20,RH,48,8476,Grvl,IR2,6,1,1960,1996,790,748,2,0,2,2,11,1,3,192,1,2021
257611,120,FV,93,4382,Grvl,IR2,4,1,2022,2018,1872,2895,2,1,5,2,6,0,0,418,8,2021
333876,60,FV,79,18915,Pave,IR2,6,9,1953,1980,658,1724,1,0,3,2,10,1,1,324,11,2013
309747,60,RM,37,14508,Grvl,IR2,8,5,2022,1979,706,695,0,1,2,1,5,0,3,305,1,2021
141362,20,RH,111,2634,Pave,IR1,3,1,1997,1967,1518,881,1,0,5,2,6,2,0,779,11,2015
473570,30,FV,54,13996,Pave,IR3,5,7,1975,1993,1349,2969,2,1,1,1,6,0,3,203,1,2012
325987,70,RM,62,16162,Grvl,Reg,2,9,1988,1976,1887,1128,2,1,1,1,8,1,3,852,7,2019
164065,30,RH,114,18386,Grvl,IR2,2,1,2007,1975,1369,2910,2,1,1,1,11,0,2,122,1,2010
383870,120,RL,110,16005,Grvl,IR2,7,4,1968,2009,645,2242,2,0,1,2,8,1,0,569,9,2016
67640,60,FV,30,10397,Pave,IR1,6,3,2007,1967,1132,1179,1,1,1,1,3,1,2,850,8,2016
102528,20,RL,68,14327,Grvl,IR3,4,5,1977,2005,586,2263,0,1,2,2,7,2,2,446,1,2021
350557,20,RH,57,16394,Grvl,IR2,5,7,2015,1980,1324,2941,1,0,4,1,11,1,0,712,2,2013
309214,70,FV,83,4890,Grvl,IR1,1,8,1959,2008,1184,2231,0,1,4,2,7,2,2,490,2,2018
364782,30,RH,88,12858,Grvl,Reg,7,2,2007,1951,1796,1409,2,1,2,1,8,2,2,432,2,2021
495952,70,RL,27,10026,Grvl,Reg,8,7,2022,1988,1995,1292,0,1,2,1,5,0,1,623,6,2011
160133,60,FV,53,5306,Pave,IR2,9,1,1963,2010,1829,834,2,0,3,2,10,2,0,127,4,2022
418501,70,RL,67,2897,Grvl,IR2,8,7,1964,2012,807,1551,1,0,4,2,6,1,0,547,8,2010
249938,20,RH,75,11277,Grvl,IR3,5,8,1982,1967,1548,2454,0,0,1,1,6,1,2,745,1,2012
200159,20,RH,95,11471,Grvl,IR3,3,2,1966,1966,1760,1960,1,0,2,1,7,2,2,821,10,2016
222502,120,RL,84,16896,Pave,IR2,9,9,1973,1988,740,1631,2,1,1,2,11,0,0,46,4,2018
205576,120,FV,50,17240,Grvl,IR1,6,1,1979,2020,962,2066,1,0,4,1,10,2,0,504,10,2011
450330,60,RL,23,16683,Pave,IR3,5,6,2011,2003,1601,2564,2,0,5,2,9,2,3,114,11,2015
391003,30,RH,69,2670,Pave,IR2,3,1,1962,1984,1050,1138,2,0,5,2,7,1,0,415,5,2012
411801,70,RL,88,19889,Grvl,IR3,6,3,2011,1960,1351,1419,2,1,2,1,11,0,3,766,9,2014
454191,60,RH,49,13767,Grvl,IR2,3,6,1996,2010,1593,2281,1,1,3,2,11,0,2,994,5,2021
61023,120,RL,107,15006,Grvl,Reg,6,3,1965,1993,1462,871,1,1,1,1,4,0,1,222,11,2018
71447,70,FV,78,17768,Pave,IR2,4,8,2015,2017,468,1628,0,0,2,2,6,0,1,635,3,2012
438043,120,FV,86,18633,Pave,Reg,2,5,1992,1974,1659,2522,0,1,3,2,10,1,3,948,11,2010
336103,70,RL,94,3892,Pave,IR3,8,2,1957,1997,1983,1842,1,1,1,1,3,0,2,502,4,2014
116203,30,RL,64,5439,Pave,IR2,4,4,1952,1981,780,1741,1,0,4,2,7,0,2,671,10,2010
431300,60,FV,23,4854,Pave,IR3,9,9,1961,1953,456,1192,1,1,5,1,10,0,2,957,7,2017
210775,70,RH,45,13577,Pave,Reg,7,4,1965,1987,1700,2205,1,0,3,2,4,1,0,932,1,2016
59337,20,FV,46,13763,Grvl,IR2,2,8,2008,2012,1249,714,2,0,1,2,4,1,2,95,11,2020
96427,20,RH,65,13618,Grvl,IR3,4,5,1998,1996,1522,2910,2,1,2,2,10,0,0,106,6,2011
373673,70,RL,83,10235,Pave,Reg,5,1,2012,1950,1315,2277,2,0,1,2,11,1,3,631,8,2020
414167,70,RL,110,4618,Grvl,IR3,3,7,2011,1952,1950,2045,1,0,2,1,9,2,1,612,1,2018
396809,70,RH,70,5163,Grvl,IR1,9,3,1998,2011,724,806,2,0,5,2,10,0,3,614,8,2014
155787,20,RL,69,4942,Pave,Reg,5,8,2000,2013,860,2950,2,0,5,2,7,1,2,677,7,2016
212993,20,RH,25,3925,Pave,Reg,2,3,1982,1966,578,711,0,0,1,2,3,0,2,925,1,2013
345451,70,RM,78,4972,Grvl,Reg,3,1,1979,2011,1243,2040,0,0,1,1,6,0,3,697,9,2021
470571,120,FV,34,13705,Pave,IR2,9,5,2008,1984,973,2482,2,1,2,1,4,1,0,31,11,2022
177016,120,RM,49,12640,Pave,IR2,7,2,1964,1962,518,784,2,0,2,1,5,2,0,492,3,2010
316979,30,RH,61,12966,Grvl,IR2,2,4,1972,1984,1892,2364,2,0,3,1,5,0,0,65,2,2017
70159,60,FV,56,19374,Pave,IR1,9,1,1994,1992,948,1500,1,0,3,2,11,2,1,178,7,2022
228677,120,RH,61,13138,Grvl,IR1,4,9,2011,1951,1045,820,0,0,3,2,6,1,1,778,11,2010
433934,20,FV,54,17935,Grvl,Reg,9,6,2020,2005,1878,2067,0,1,1,2,4,0,2,442,3,2012
417760,120,FV,106,15145,Grvl,IR1,2,8,1964,2000,425,1693,0,1,3,1,5,1,3,915,1,2015
481304,30,FV,25,2489,Grvl,IR3,4,4,1995,2003,1913,2612,2,0,1,1,5,1,3,548,10,2017
390896,30,FV,87,13748,Grvl,Reg,5,9,2013,1965,1431,1200,1,1,5,2,9,1,2,200,3,2017
367428,60,RH,37,5516,Pave,Reg,2,2,1995,1967,1368,1760,0,0,4,2,10,1,0,869,6,2011
369187,120,FV,92,8410,Pave,IR3,1,9,2005,1956,1939,1103,0,0,5,2,8,0,1,48,3,2018
216619,20,FV,48,2053,Pave,Reg,7,5,1993,1994,932,2778,1,0,1,1,6,2,3,786,5,2013
409151,20,RM,96,18999,Pave,IR1,1,6,1978,1985,548,817,2,0,1,2,8,2,2,950,9,2013
132844,70,RL,78,7944,Grvl,IR2,8,3,2011,1990,1911,2818,2,1,4,2,3,0,0,679,7,2011
77532,20,RL,66,9404,Grvl,IR3,3,4,2001,1991,1448,2098,0,1,2,1,10,0,0,262,2,2010
215421,60,RM,36,2954,Pave,IR1,6,6,2003,1956,1054,1211,0,0,2,1,3,2,1,132,1,2019
172402,60,RM,115,12625,Grvl,IR3,7,7,2006,1964,1344,1752,1,0,2,2,7,2,1,809,7,2016
168012,20,RH,41,3629,Pave,IR3,1,1,2015,2009,954,656,0,1,3,1,4,0,2,343,4,2020
488661,20,RH,87,12973,Pave,Reg,6,7,1971,1989,824,1804,1,1,2,2,8,1,2,175,11,2019
448929,70,RH,88,8859,Pave,Reg,7,1,1969,1986,692,845,0,0,3,2,11,0,0,390,7,2012
106178,20,RM,56,10841,Grvl,IR1,6,5,1982,2015,1608,743,0,1,3,2,7,2,0,10,6,2013
99407,70,RM,68,12539,Grvl,IR3,4,6,2021,2004,953,967,0,0,2,2,6,1,3,200,7,2020
100990,70,FV,32,14682,Grvl,Reg,1,2,1974,2005,830,2082,2,1,2,1,4,2,0,944,4,2018
179473,20,RH,53,5278,Grvl,Reg,9,9,1995,1993,1003,2865,1,1,4,1,5,1,2,925,3,2015
370285,30,RH,105,8539,Pave,IR3,4,6,2022,2006,716,1215,1,1,4,1,8,2,1,808,12,2010
467009,30,RH,72,18754,Grvl,IR1,7,7,2006,1955,797,2481,2,1,3,2,10,1,2,2,5,2018
368714,70,RL,106,2857,Grvl,IR1,7,8,1954,1981,1747,2188,2,0,4,2,10,0,3,213,3,2018
276156,20,FV,70,6886,Grvl,IR3,2,1,2004,1967,1988,1298,2,0,3,2,7,0,3,807,3,2014
218964,30,RH,22,14945,Pave,IR1,1,8,2010,2017,995,1475,1,1,1,1,7,1,1,306,4,2017
51015,20,RH,61,9485,Pave,Reg,8,4,1957,2022,945,2285,0,0,3,1,5,1,2,979,8,2016
111813,20,RH,117,15680,Grvl,IR3,8,8,1965,1956,475,1544,2,1,3,2,9,0,3,543,2,2020
77712,20,RL,51,18767,Grvl,Reg,7,6,1997,1957,1264,1522,2,1,4,1,8,0,2,559,4,2017
150497,120,RL,70,16397,Grvl,IR2,8,9,2010,2013,1315,2346,2,0,1,1,3,1,3,326,11,2018
451631,20,RM,104,12744,Grvl,IR2,3,4,1964,1956,1108,624,0,0,5,1,6,1,1,763,3,2011
292926,120,FV,65,6334,Pave,IR1,2,2,2014,1990,885,2287,0,0,5,1,8,0,3,198,7,2019
162816,70,RM,40,14226,Grvl,IR2,7,2,1971,1989,1511,2159,2,1,5,2,8,2,2,915,2,2014
178778,30,FV,63,15440,Grvl,Reg,8,5,1952,1952,1146,1683,0,0,1,1,5,0,2,600,1,2017
112292,30,RL,30,17020,Grvl,IR2,1,9,2003,1966,1655,1033,2,0,2,2,8,1,3,108,10,2012
335977,30,RH,87,6251,Pave,Reg,9,3,1963,2015,1430,1689,0,0,1,1,8,1,0,290,1,2020
185230,30,RM,20,14180,Pave,IR1,4,8,1985,2001,949,2551,1,0,4,2,11,2,1,107,6,2020
243752,30,RH,111,18140,Grvl,IR1,4,4,2016,1971,1375,2753,1,1,3,2,11,0,1,407,3,2015
332453,30,RM,82,2922,Grvl,Reg,3,6,1959,1953,1475,695,0,1,3,1,4,1,3,551,7,2015
319114,30,RL,43,9957,Grvl,IR2,6,6,1998,1955,1341,767,1,1,4,2,6,0,3,972,8,2016
384618,70,RL,118,17796,Grvl,IR1,1,3,2014,1987,1318,2689,1,1,4,2,11,1,0,51,5,2022
358684,20,RL,32,3230,Grvl,IR3,6,5,2006,1975,1819,2502,1,1,3,1,6,2,1,111,5,2020
201456,60,RM,117,12627,Pave,IR1,2,3,1976,1960,1644,2751,2,1,2,2,10,0,0,294,12,2012
330161,120,FV,30,12006,Pave,IR2,9,1,1954,1966,1851,2468,0,1,2,1,5,0,1,579,2,2017
388024,60,RM,119,6933,Pave,IR3,2,7,2020,1980,1566,2598,0,0,2,2,5,2,3,188,8,2017
155570,60,FV,70,16295,Grvl,IR2,7,4,2006,1984,762,2929,0,1,4,1,11,1,1,843,10,2018
320846,20,RM,36,18377,Pave,Reg,1,7,1964,1965,781,1733,1,1,3,1,10,1,1,720,1,2017
443600,20,RM,118,2203,Pave,IR3,7,3,1979,1967,1984,2610,2,1,3,1,3,0,1,64,10,2012
50404,20,RL,101,18544,Pave,IR2,5,5,1969,2011,1700,1348,0,1,3,1,4,2,0,573,9,2015
484159,30,RH,105,17899,Grvl,IR3,8,5,1986,1976,670,2491,1,0,1,1,5,0,0,464,1,2018
228998,70,RH,43,5748,Grvl,IR2,4,2,1952,1984,1437,1430,2,1,1,2,4,0,1,257,1,2010
472405,30,FV,38,8718,Pave,IR3,7,2,2022,1994,697,648,2,1,5,2,5,1,2,645,1,2012
324907,70,RH,56,3093,Grvl,IR2,6,4,1990,1984,1403,714,0,0,1,1,10,1,0,633,7,2011
199456,70,RM,104,17228,Pave,Reg,5,4,1988,1977,1887,1778,0,1,2,2,8,1,3,330,4,2021
241172,60,RM,27,18034,Pave,IR3,4,4,1975,1958,1950,2272,1,1,2,2,9,1,3,500,12,2017
410286,60,RL,47,7710,Pave,IR3,7,6,1951,1964,633,670,0,1,2,2,8,1,1,682,7,2015
190932,70,RL,24,11732,Pave,IR3,5,2,1972,1970,974,1959,1,1,2,1,3,2,3,209,5,2019
285365,70,RH,36,5191,Grvl,IR3,5,6,1972,2001,426,666,2,1,5,1,5,0,0,807,12,2020
392786,30,FV,55,2689,Grvl,Reg,1,7,1965,1984,1894,2116,2,1,2,2,3,2,2,88,7,2020
100612,30,RH,38,4103,Grvl,IR3,2,3,1958,2000,492,2273,2,1,4,1,11,0,2,678,10,2017
335718,60,RH,83,2365,Grvl,IR1,5,8,1962,2004,1016,2377,2,0,4,1,11,1,2,27,7,2011
335668,20,RH,110,16010,Pave,Reg,3,2,1977,1993,708,1566,0,0,4,2,7,2,3,237,4,2020
250244,70,RH,117,13767,Grvl,IR1,2,8,1976,2014,451,2828,0,1,1,1,6,0,1,335,2,2015
323060,30,RM,30,18103,Pave,IR3,4,5,2000,1974,718,2389,1,0,3,1,11,1,3,62,8,2016
54809,60,FV,73,14742,Grvl,IR2,4,2,2013,1996,580,1212,1,1,5,1,11,1,1,959,2,2017
213273,30,RM,64,14391,Grvl,IR1,4,7,2001,2005,1992,2486,1,0,4,1,5,2,2,766,9,2018
234402,70,FV,66,6172,Grvl,IR3,4,2,1987,1987,1543,2222,1,1,4,1,7,2,0,907,5,2014
194528,70,RL,31,17623,Pave,IR1,3,6,2014,1960,1274,1296,1,0,2,2,5,2,3,552,9,2020
499613,120,RH,40,4378,Pave,IR3,7,3,1967,2016,1466,2895,2,1,4,1,4,1,0,499,9,2012
433432,20,RM,30,19589,Pave,IR3,9,9,2012,1964,1046,1837,2,0,2,1,3,0,2,540,8,2011
88765,120,FV,111,14031,Pave,IR3,5,3,2000,1950,1683,848,2,0,2,2,4,0,1,790,8,2017
478032,60,RL,24,7669,Grvl,IR2,4,3,1958,1956,596,1237,1,1,3,2,10,2,0,468,4,2010
357250,30,RL,100,4735,Pave,IR1,2,5,1962,1950,1044,1549,2,1,1,1,10,0,3,591,4,2019
366076,60,RH,75,11867,Pave,Reg,2,7,1989,1998,1370,2504,2,0,2,2,5,1,0,50,2,2015
460316,70,FV,39,10490,Grvl,Reg,5,8,2004,2022,654,1711,2,0,2,1,9,0,0,111,4,2011
369235,120,RM,60,2956,Grvl,Reg,7,7,1992,1978,1131,775,2,1,3,2,9,1,3,872,4,2012
71949,120,RH,65,11306,Pave,Reg,9,9,1993,1975,735,1322,0,0,2,1,4,2,1,300,6,2017
251152,120,RM,31,8623,Grvl,IR3,7,5,2017,1994,1976,1370,1,1,5,2,11,0,3,89,3,2010
349888,60,RL,89,16908,Pave,IR1,5,3,1982,2020,1925,2547,1,0,1,1,5,1,2,228,2,2015
226615,70,RM,36,19858,Grvl,IR1,6,6,1973,1961,1389,1302,0,0,5,2,4,2,1,149,8,2012
420463,30,RM,38,6460,Pave,IR2,3,5,1985,1981,1299,2728,2,1,4,1,5,2,0,754,2,2015
142193,30,RH,45,15986,Pave,IR1,5,4,1959,1969,1678,1526,2,1,1,1,4,2,3,137,8,2012
86187,60,RM,67,14638,Pave,IR1,8,2,1969,2000,913,737,2,1,4,1,10,2,2,134,7,2020
188311,120,RH,71,4850,Pave,IR1,1,7,1961,1985,641,2997,1,0,2,2,7,0,3,456,3,2020
436598,20,RL,115,15299,Pave,IR2,1,5,2011,2016,548,1749,1,0,3,2,5,1,1,600,6,2017
326633,60,RH,89,12698,Grvl,Reg,7,4,1967,1950,1722,2540,1,0,5,1,7,0,2,493,6,2014
239089,60,RH,74,6594,Pave,IR1,5,8,2012,1976,1156,2491,1,1,4,1,10,1,0,526,10,2013
111877,70,FV,119,16282,Pave,IR2,5,9,1974,1989,1019,2478,1,0,2,1,9,2,1,332,5,2018
486341,30,RM,94,18285,Pave,IR2,1,9,1961,1963,852,1853,0,0,5,1,8,0,2,361,8,2014
362066,60,RL,52,16334,Pave,IR3,9,3,1970,2018,1816,2083,1,1,5,2,3,2,1,173,11,2021
144074,60,RH,81,8644,Pave,IR2,1,3,1974,1955,611,1968,2,0,4,2,3,1,0,601,12,2013
213121,120,RL,107,4850,Grvl,Reg,5,5,1960,1982,1067,909,1,0,2,2,3,2,2,212,5,2017
87131,120,FV,42,16933,Grvl,IR1,9,5,2013,2004,1961,1643,0,1,3,1,10,0,3,342,7,2017
486160,20,RM,34,2165,Pave,IR2,4,2,2022,1968,993,2270,2,1,4,1,10,0,3,60,6,2017
165765,70,RH,46,12701,Grvl,Reg,8,1,1999,1978,530,2164,0,1,5,2,9,1,0,875,11,2013
386107,20,RM,94,2919,Pave,IR2,6,8,2011,2010,1752,2183,2,1,5,2,8,1,2,731,7,2022
156884,120,FV,83,10305,Grvl,IR2,3,3,1998,2019,1011,2100,1,1,1,2,6,0,0,60,9,2010
175917,30,FV,100,19375,Grvl,IR2,4,1,1963,1973,655,2916,0,1,2,2,3,0,0,818,3,2011
336429,120,RL,70,17715,Pave,IR2,2,1,1950,1972,1902,1369,2,1,1,1,11,0,1,677,10,2013
349770,70,RH,72,5839,Grvl,IR2,1,2,1974,1959,960,615,1,1,3,1,3,0,3,523,7,2019
223880,120,RL,97,19642,Grvl,Reg,8,6,2008,2003,462,1205,2,1,4,1,6,1,0,215,10,2011
497087,70,FV,110,13618,Pave,IR1,1,6,2021,1990,1734,1981,0,0,5,2,5,0,1,588,3,2020
331342,70,RM,101,15519,Pave,IR1,1,3,2018,1998,806,1412,0,1,2,1,9,1,0,743,2,2019
462974,70,RL,111,12776,Grvl,IR1,4,4,1954,1966,1201,2590,0,1,5,2,7,0,0,623,12,2012
65254,70,RL,70,2067,Grvl,IR1,6,2,1968,2005,1528,1494,0,0,1,2,7,0,0,577,7,2018
94238,70,RM,66,11788,Grvl,Reg,9,2,1972,1994,414,2167,1,1,1,2,6,2,3,693,4,2018
51252,30,RL,23,7660,Pave,IR3,1,7,1958,1979,658,2916,2,0,4,2,3,2,2,422,1,2020
351908,20,RM,26,6478,Grvl,IR3,7,1,1999,1993,1122,1013,1,0,2,2,7,0,3,715,6,2018
389853,60,RH,54,10210,Grvl,Reg,5,7,1965,2004,1835,624,0,1,2,1,6,1,1,422,11,2016
480657,20,RM,67,12922,Grvl,Reg,8,1,1982,1968,1682,2604,2,0,4,1,10,0,2,370,6,2013
365826,70,RH,92,5521,Pave,IR2,7,6,1951,1978,1013,915,0,1,1,1,4,2,1,205,6,2010
371638,30,RM,91,2572,Pave,IR2,4,3,1963,1951,1683,1170,1,1,1,2,10,0,0,285,2,2012
131317,120,FV,64,9082,Pave,IR2,4,8,1950,1985,1468,1324,1,0,1,1,3,2,2,104,1,2017
377359,30,FV,100,7395,Pave,IR1,6,6,2007,1968,1212,2449,1,0,5,2,6,0,1,753,3,2013
128587,70,RH,100,17407,Grvl,IR2,6,2,1965,1956,730,1899,2,0,3,1,5,0,0,746,12,2019
56949,30,RH,116,13094,Pave,IR3,9,8,1996,1975,564,2553,2,1,1,2,7,1,1,687,2,2019
288897,30,FV,115,2650,Grvl,IR1,5,5,1993,1987,1616,988,0,1,3,2,7,2,1,722,6,2011
367537,70,RH,91,7741,Grvl,IR2,8,8,1963,1952,1944,1043,2,0,3,1,7,2,3,542,12,2017
254625,30,RM,38,15281,Grvl,IR1,5,8,1973,2015,1824,1570,2,1,2,2,6,2,0,746,6,2016
188013,60,RM,82,8838,Grvl,IR3,2,6,2004,2020,1797,2564,1,1,4,1,10,1,3,241,5,2020
75934,60,FV,57,5262,Pave,IR2,6,2,1964,1992,1488,2989,0,0,5,1,5,0,2,490,10,2019
466602,30,RL,86,19722,Pave,IR3,9,8,2021,2011,786,2428,1,0,3,1,6,1,0,664,10,2018
306434,120,RM,78,6996,Pave,IR3,3,6,1983,2020,1918,903,0,0,5,2,3,0,3,707,5,2011
387889,70,RH,88,13826,Pave,IR3,1,6,1951,1973,1838,1363,0,0,2,2,9,1,3,497,9,2014
406600,60,RL,32,4827,Pave,IR2,1,8,1976,1988,1453,2573,2,0,1,2,3,1,2,434,5,2015
365557,120,RL,66,16211,Grvl,Reg,3,1,2021,2017,1689,1415,1,0,3,2,4,2,1,780,10,2022
409383,30,RM,80,7232,Pave,IR2,5,2,1972,1993,727,2759,2,0,4,1,9,1,1,483,6,2011
354462,120,RM,50,4217,Pave,IR3,3,9,2017,1954,1915,1477,2,0,2,2,3,0,1,446,11,2011
300875,20,RL,99,16232,Pave,IR2,9,8,1963,2004,1640,1302,2,0,5,1,5,1,2,383,4,2022
120390,60,RL,115,16026,Pave,IR3,8,7,2012,1979,719,1543,0,0,1,1,8,1,3,509,10,2019
233401,30,FV,41,15878,Grvl,Reg,3,7,2014,1978,798,2926,1,1,5,2,8,0,0,169,1,2013
303490,70,RH,112,8837,Grvl,IR1,9,5,2017,1975,504,2660,1,1,4,2,8,2,2,949,4,2017
93088,30,FV,105,9031,Grvl,Reg,6,2,2012,1975,1095,902,2,0,3,1,4,0,1,868,2,2022
297940,70,RM,62,16806,Grvl,Reg,7,6,2013,1986,1416,2179,0,1,4,2,4,0,1,322,10,2020
415340,30,FV,86,5716,Grvl,IR1,4,3,1981,2002,729,759,1,1,5,1,8,0,0,847,3,2014
483027,120,FV,73,5414,Pave,IR2,4,4,1962,1979,1059,2801,1,1,5,2,7,1,2,473,7,2018
